DATE ADDED TO CATALOG	PUBMEDID	FIRST AUTHOR	DATE	JOURNAL	LINK	STUDY	DISEASE/TRAIT	INITIAL SAMPLE SIZE	REPLICATION SAMPLE SIZE	REGION	CHR_ID	CHR_POS	REPORTED GENE(S)	MAPPED_GENE	UPSTREAM_GENE_ID	DOWNSTREAM_GENE_ID	SNP_GENE_IDS	UPSTREAM_GENE_DISTANCE	DOWNSTREAM_GENE_DISTANCE	STRONGEST SNP-RISK ALLELE	SNPS	MERGED	SNP_ID_CURRENT	CONTEXT	INTERGENIC	RISK ALLELE FREQUENCY	P-VALUE	PVALUE_MLOG	P-VALUE (TEXT)	OR or BETA	95% CI (TEXT)	PLATFORM [SNPS PASSING QC]	CNV	MAPPED_TRAIT	MAPPED_TRAIT_URI	STUDY ACCESSION	GENOTYPING TECHNOLOGY
2018-10-31	29942085	Nagel M	2018-06-25	Nat Genet	www.ncbi.nlm.nih.gov/pubmed/29942085	Meta-analysis of genome-wide association studies for neuroticism in 449,484 individuals identifies novel genetic loci and pathways.	Worry	348,219 European ancestry individuals	NA	1p34.3	1	36698055	NR	LOC107984941			107984941			rs488359-G	rs488359	0	488359	intergenic_variant	0	NR	3E-8	7.522878745280337		0.01441	[0.0093-0.0195] unit increase	Affymetrix [10847151] (imputed)	N	anxiety	http://www.ebi.ac.uk/efo/EFO_0005230	GCST006478	Genome-wide genotyping array
2018-10-31	29942085	Nagel M	2018-06-25	Nat Genet	www.ncbi.nlm.nih.gov/pubmed/29942085	Meta-analysis of genome-wide association studies for neuroticism in 449,484 individuals identifies novel genetic loci and pathways.	Worry	348,219 European ancestry individuals	NA	1p31.3	1	61277021	NR	NFIA			4774			rs332828-A	rs332828	0	332828	intron_variant	0	NR	4E-8	7.3979400086720375		0.01315	[0.0085-0.0178] unit increase	Affymetrix [10847151] (imputed)	N	anxiety	http://www.ebi.ac.uk/efo/EFO_0005230	GCST006478	Genome-wide genotyping array
2018-10-31	29942085	Nagel M	2018-06-25	Nat Genet	www.ncbi.nlm.nih.gov/pubmed/29942085	Meta-analysis of genome-wide association studies for neuroticism in 449,484 individuals identifies novel genetic loci and pathways.	Worry	348,219 European ancestry individuals	NA	1p31.3	1	64632626	NR	CACHD1			57685			rs61731122-A	rs61731122	0	61731122	synonymous_variant	0	NR	2E-9	8.698970004336019		0.04219	[0.028-0.056] unit decrease	Affymetrix [10847151] (imputed)	N	anxiety	http://www.ebi.ac.uk/efo/EFO_0005230	GCST006478	Genome-wide genotyping array
2018-10-31	29942085	Nagel M	2018-06-25	Nat Genet	www.ncbi.nlm.nih.gov/pubmed/29942085	Meta-analysis of genome-wide association studies for neuroticism in 449,484 individuals identifies novel genetic loci and pathways.	Worry	348,219 European ancestry individuals	NA	1p12	1	117274369	NR	VTCN1 - LINC01525	79679	104355292		63377	21097	rs34644694-C	rs34644694	0	34644694	intergenic_variant	1	NR	3E-9	8.522878745280337		0.01577	[0.011-0.021] unit decrease	Affymetrix [10847151] (imputed)	N	anxiety	http://www.ebi.ac.uk/efo/EFO_0005230	GCST006478	Genome-wide genotyping array
2018-10-31	29942085	Nagel M	2018-06-25	Nat Genet	www.ncbi.nlm.nih.gov/pubmed/29942085	Meta-analysis of genome-wide association studies for neuroticism in 449,484 individuals identifies novel genetic loci and pathways.	Worry	348,219 European ancestry individuals	NA	1q31.3	1	197733271	NR	DENND1B			163486			rs2488401-T	rs2488401	0	2488401	intron_variant	0	NR	3E-9	8.522878745280337		0.01782	[0.012-0.024] unit decrease	Affymetrix [10847151] (imputed)	N	anxiety	http://www.ebi.ac.uk/efo/EFO_0005230	GCST006478	Genome-wide genotyping array
2018-10-31	29942085	Nagel M	2018-06-25	Nat Genet	www.ncbi.nlm.nih.gov/pubmed/29942085	Meta-analysis of genome-wide association studies for neuroticism in 449,484 individuals identifies novel genetic loci and pathways.	Worry	348,219 European ancestry individuals	NA	1q42.13	1	226871905	NR	PSEN2			5664			rs1296171-G	rs1296171	0	1296171	intron_variant	0	NR	1E-8	8.0		0.01362	[0.0089-0.0183] unit decrease	Affymetrix [10847151] (imputed)	N	anxiety	http://www.ebi.ac.uk/efo/EFO_0005230	GCST006478	Genome-wide genotyping array
2018-10-31	29942085	Nagel M	2018-06-25	Nat Genet	www.ncbi.nlm.nih.gov/pubmed/29942085	Meta-analysis of genome-wide association studies for neuroticism in 449,484 individuals identifies novel genetic loci and pathways.	Worry	348,219 European ancestry individuals	NA	2p11.2	2	86566075	NR	RNF103-CHMP3, LOC105374845			100526767, 105374845			rs78260322-G	rs78260322	0	78260322	intron_variant	0	NR	2E-8	7.698970004336019		0.02154	[0.014-0.029] unit increase	Affymetrix [10847151] (imputed)	N	anxiety	http://www.ebi.ac.uk/efo/EFO_0005230	GCST006478	Genome-wide genotyping array
2018-10-31	29942085	Nagel M	2018-06-25	Nat Genet	www.ncbi.nlm.nih.gov/pubmed/29942085	Meta-analysis of genome-wide association studies for neuroticism in 449,484 individuals identifies novel genetic loci and pathways.	Worry	348,219 European ancestry individuals	NA	2q12.1	2	103455652	NR	LOC105373519 - LOC728815	105373519	728815		471223	38562	rs2672852-C	rs2672852	0	2672852	intergenic_variant	1	NR	9E-9	8.045757490560675		0.0137	[0.009-0.0184] unit decrease	Affymetrix [10847151] (imputed)	N	anxiety	http://www.ebi.ac.uk/efo/EFO_0005230	GCST006478	Genome-wide genotyping array
2018-10-31	29942085	Nagel M	2018-06-25	Nat Genet	www.ncbi.nlm.nih.gov/pubmed/29942085	Meta-analysis of genome-wide association studies for neuroticism in 449,484 individuals identifies novel genetic loci and pathways.	Worry	348,219 European ancestry individuals	NA	2q22.3	2	147782283	NR	RNA5SP106 - RPL26P14	106478994	100133235		68729	19564	rs998884-G	rs998884	0	998884	regulatory_region_variant	1	NR	3E-10	9.522878745280337		0.01547	[0.011-0.02] unit increase	Affymetrix [10847151] (imputed)	N	anxiety	http://www.ebi.ac.uk/efo/EFO_0005230	GCST006478	Genome-wide genotyping array
2018-10-31	29942085	Nagel M	2018-06-25	Nat Genet	www.ncbi.nlm.nih.gov/pubmed/29942085	Meta-analysis of genome-wide association studies for neuroticism in 449,484 individuals identifies novel genetic loci and pathways.	Worry	348,219 European ancestry individuals	NA	2q24.1	2	156196868	NR	LOC101929378			101929378			rs7567451-G	rs7567451	0	7567451	intron_variant	0	NR	3E-9	8.522878745280337		0.01589	[0.011-0.021] unit decrease	Affymetrix [10847151] (imputed)	N	anxiety	http://www.ebi.ac.uk/efo/EFO_0005230	GCST006478	Genome-wide genotyping array
2018-10-31	29942085	Nagel M	2018-06-25	Nat Genet	www.ncbi.nlm.nih.gov/pubmed/29942085	Meta-analysis of genome-wide association studies for neuroticism in 449,484 individuals identifies novel genetic loci and pathways.	Worry	348,219 European ancestry individuals	NA	2q24.3	2	167752805	NR	B3GALT1			8708			rs79827531-A	rs79827531	0	79827531	intergenic_variant	0	NR	3E-9	8.522878745280337		0.01773	[0.012-0.024] unit increase	Affymetrix [10847151] (imputed)	N	anxiety	http://www.ebi.ac.uk/efo/EFO_0005230	GCST006478	Genome-wide genotyping array
2018-10-31	29942085	Nagel M	2018-06-25	Nat Genet	www.ncbi.nlm.nih.gov/pubmed/29942085	Meta-analysis of genome-wide association studies for neuroticism in 449,484 individuals identifies novel genetic loci and pathways.	Worry	348,219 European ancestry individuals	NA	2q33.1	2	199287475	NR	SATB2			23314			rs17196295-G	rs17196295	0	17196295	intron_variant	0	NR	3E-9	8.522878745280337		0.01563	[0.01-0.021] unit increase	Affymetrix [10847151] (imputed)	N	anxiety	http://www.ebi.ac.uk/efo/EFO_0005230	GCST006478	Genome-wide genotyping array
2018-10-31	29942085	Nagel M	2018-06-25	Nat Genet	www.ncbi.nlm.nih.gov/pubmed/29942085	Meta-analysis of genome-wide association studies for neuroticism in 449,484 individuals identifies novel genetic loci and pathways.	Worry	348,219 European ancestry individuals	NA	3p25.2	3	11990245	NR	RN7SL147P - SYN2	106479274	6854		37160	14115	rs4684833-C	rs4684833	0	4684833	intergenic_variant	1	NR	5E-8	7.301029995663981		0.01563	[0.01-0.021] unit increase	Affymetrix [10847151] (imputed)	N	anxiety	http://www.ebi.ac.uk/efo/EFO_0005230	GCST006478	Genome-wide genotyping array
2018-10-31	29942085	Nagel M	2018-06-25	Nat Genet	www.ncbi.nlm.nih.gov/pubmed/29942085	Meta-analysis of genome-wide association studies for neuroticism in 449,484 individuals identifies novel genetic loci and pathways.	Worry	348,219 European ancestry individuals	NA	3p21.31	3	50206077	NR	SLC38A3			10991			rs2236939-T	rs2236939	0	2236939	intron_variant	0	NR	2E-11	10.698970004336019		0.02592	[0.018-0.033] unit increase	Affymetrix [10847151] (imputed)	N	anxiety	http://www.ebi.ac.uk/efo/EFO_0005230	GCST006478	Genome-wide genotyping array
2018-10-31	29942085	Nagel M	2018-06-25	Nat Genet	www.ncbi.nlm.nih.gov/pubmed/29942085	Meta-analysis of genome-wide association studies for neuroticism in 449,484 individuals identifies novel genetic loci and pathways.	Worry	348,219 European ancestry individuals	NA	3p21.2	3	52234850	NR	TWF2			11344			rs353547-T	rs353547	0	353547	intron_variant	0	NR	5E-12	11.301029995663981		0.01697	[0.012-0.022] unit decrease	Affymetrix [10847151] (imputed)	N	anxiety	http://www.ebi.ac.uk/efo/EFO_0005230	GCST006478	Genome-wide genotyping array
2018-10-31	29942085	Nagel M	2018-06-25	Nat Genet	www.ncbi.nlm.nih.gov/pubmed/29942085	Meta-analysis of genome-wide association studies for neuroticism in 449,484 individuals identifies novel genetic loci and pathways.	Worry	348,219 European ancestry individuals	NA	3p14.1	3	65459852	NR	MAGI1			9223			rs4405857-G	rs4405857	0	4405857	intron_variant	0	NR	5E-8	7.301029995663981		0.0133	[0.0085-0.0181] unit decrease	Affymetrix [10847151] (imputed)	N	anxiety	http://www.ebi.ac.uk/efo/EFO_0005230	GCST006478	Genome-wide genotyping array
2018-10-31	29942085	Nagel M	2018-06-25	Nat Genet	www.ncbi.nlm.nih.gov/pubmed/29942085	Meta-analysis of genome-wide association studies for neuroticism in 449,484 individuals identifies novel genetic loci and pathways.	Worry	348,219 European ancestry individuals	NA	3p12.1	3	85344618	NR	CADM2			253559			rs62253085-A	rs62253085	0	62253085	intron_variant	0	NR	4E-8	7.3979400086720375		0.01337	[0.0086-0.0181] unit decrease	Affymetrix [10847151] (imputed)	N	anxiety	http://www.ebi.ac.uk/efo/EFO_0005230	GCST006478	Genome-wide genotyping array
2018-10-31	29942085	Nagel M	2018-06-25	Nat Genet	www.ncbi.nlm.nih.gov/pubmed/29942085	Meta-analysis of genome-wide association studies for neuroticism in 449,484 individuals identifies novel genetic loci and pathways.	Worry	348,219 European ancestry individuals	NA	3q22.3	3	136310145	NR	PCCB			5096			rs480330-T	rs480330	0	480330	intron_variant	0	NR	1E-11	11.0		0.01695	[0.012-0.022] unit decrease	Affymetrix [10847151] (imputed)	N	anxiety	http://www.ebi.ac.uk/efo/EFO_0005230	GCST006478	Genome-wide genotyping array
2018-10-31	29942085	Nagel M	2018-06-25	Nat Genet	www.ncbi.nlm.nih.gov/pubmed/29942085	Meta-analysis of genome-wide association studies for neuroticism in 449,484 individuals identifies novel genetic loci and pathways.	Worry	348,219 European ancestry individuals	NA	3q25.32	3	158184607	NR	RSRC1			51319			rs1724725-A	rs1724725	0	1724725	intron_variant	0	NR	1E-8	8.0		0.02748	[0.018-0.037] unit decrease	Affymetrix [10847151] (imputed)	N	anxiety	http://www.ebi.ac.uk/efo/EFO_0005230	GCST006478	Genome-wide genotyping array
2018-10-31	29942085	Nagel M	2018-06-25	Nat Genet	www.ncbi.nlm.nih.gov/pubmed/29942085	Meta-analysis of genome-wide association studies for neuroticism in 449,484 individuals identifies novel genetic loci and pathways.	Worry	348,219 European ancestry individuals	NA	3q26.1	3	166989488	NR	LOC105374195 - LOC131055	105374195	131055		15691	76301	rs13324323-T	rs13324323	0	13324323	intergenic_variant	1	NR	2E-9	8.698970004336019		0.01739	[0.012-0.023] unit decrease	Affymetrix [10847151] (imputed)	N	anxiety	http://www.ebi.ac.uk/efo/EFO_0005230	GCST006478	Genome-wide genotyping array
2018-10-31	29942085	Nagel M	2018-06-25	Nat Genet	www.ncbi.nlm.nih.gov/pubmed/29942085	Meta-analysis of genome-wide association studies for neuroticism in 449,484 individuals identifies novel genetic loci and pathways.	Worry	348,219 European ancestry individuals	NA	4q22.1	4	89822180	NR	SNCA			6622			rs10005233-C	rs10005233	0	10005233	3_prime_UTR_variant	0	NR	3E-10	9.522878745280337		0.01508	[0.01-0.02] unit decrease	Affymetrix [10847151] (imputed)	N	anxiety	http://www.ebi.ac.uk/efo/EFO_0005230	GCST006478	Genome-wide genotyping array
2018-10-31	29942085	Nagel M	2018-06-25	Nat Genet	www.ncbi.nlm.nih.gov/pubmed/29942085	Meta-analysis of genome-wide association studies for neuroticism in 449,484 individuals identifies novel genetic loci and pathways.	Worry	348,219 European ancestry individuals	NA	4q24	4	104012596	NR	LOC105377349			105377349			rs10034259-C	rs10034259	0	10034259	intron_variant	0	NR	4E-10	9.397940008672037		0.0187	[0.013-0.025] unit decrease	Affymetrix [10847151] (imputed)	N	anxiety	http://www.ebi.ac.uk/efo/EFO_0005230	GCST006478	Genome-wide genotyping array
2018-10-31	29942085	Nagel M	2018-06-25	Nat Genet	www.ncbi.nlm.nih.gov/pubmed/29942085	Meta-analysis of genome-wide association studies for neuroticism in 449,484 individuals identifies novel genetic loci and pathways.	Worry	348,219 European ancestry individuals	NA	4q26	4	118015036	NR	LOC105377391 - NDST3	105377391	9348		145088	18560	rs57360718-C	rs57360718	0	57360718	intergenic_variant	1	NR	7E-9	8.154901959985743		0.02831	[0.019-0.038] unit increase	Affymetrix [10847151] (imputed)	N	anxiety	http://www.ebi.ac.uk/efo/EFO_0005230	GCST006478	Genome-wide genotyping array
2018-10-31	29942085	Nagel M	2018-06-25	Nat Genet	www.ncbi.nlm.nih.gov/pubmed/29942085	Meta-analysis of genome-wide association studies for neuroticism in 449,484 individuals identifies novel genetic loci and pathways.	Worry	348,219 European ancestry individuals	NA	5q14.3	5	88370488	NR	TMEM161B-AS1			100505894			rs12188167-G	rs12188167	0	12188167	intron_variant	0	NR	5E-8	7.301029995663981		0.01581	[0.01-0.021] unit decrease	Affymetrix [10847151] (imputed)	N	anxiety	http://www.ebi.ac.uk/efo/EFO_0005230	GCST006478	Genome-wide genotyping array
2018-10-31	29942085	Nagel M	2018-06-25	Nat Genet	www.ncbi.nlm.nih.gov/pubmed/29942085	Meta-analysis of genome-wide association studies for neuroticism in 449,484 individuals identifies novel genetic loci and pathways.	Worry	348,219 European ancestry individuals	NA	5q21.1	5	101043608	NR	LOC107986437 - LOC107986438	107986437	107986438		99059	201991	rs502652-T	rs502652	0	502652	intergenic_variant	1	NR	4E-8	7.3979400086720375		0.01357	[0.0087-0.0184] unit decrease	Affymetrix [10847151] (imputed)	N	anxiety	http://www.ebi.ac.uk/efo/EFO_0005230	GCST006478	Genome-wide genotyping array
2018-10-31	29942085	Nagel M	2018-06-25	Nat Genet	www.ncbi.nlm.nih.gov/pubmed/29942085	Meta-analysis of genome-wide association studies for neuroticism in 449,484 individuals identifies novel genetic loci and pathways.	Worry	348,219 European ancestry individuals	NA	5q21.1	5	103342372	NR	C5orf30 - LOC105379197	90355	105379197		63712	88161	rs391236-G	rs391236	0	391236	intergenic_variant	1	NR	9E-9	8.045757490560675		0.01494	[0.0098-0.02] unit decrease	Affymetrix [10847151] (imputed)	N	anxiety	http://www.ebi.ac.uk/efo/EFO_0005230	GCST006478	Genome-wide genotyping array
2018-10-31	29942085	Nagel M	2018-06-25	Nat Genet	www.ncbi.nlm.nih.gov/pubmed/29942085	Meta-analysis of genome-wide association studies for neuroticism in 449,484 individuals identifies novel genetic loci and pathways.	Worry	348,219 European ancestry individuals	NA	6p22.2	6	26094139	NR	HFE			3077			rs1572982-A	rs1572982	0	1572982	intron_variant	0	NR	3E-8	7.522878745280337		0.0132	[0.0085-0.0179] unit decrease	Affymetrix [10847151] (imputed)	N	anxiety	http://www.ebi.ac.uk/efo/EFO_0005230	GCST006478	Genome-wide genotyping array
2018-10-31	29942085	Nagel M	2018-06-25	Nat Genet	www.ncbi.nlm.nih.gov/pubmed/29942085	Meta-analysis of genome-wide association studies for neuroticism in 449,484 individuals identifies novel genetic loci and pathways.	Worry	348,219 European ancestry individuals	NA	6p22.1	6	27878966	NR	HIST1H4L - LOC107986585	8368	107986585		5455	6580	rs483143-C	rs483143	0	483143	intergenic_variant	1	NR	1E-8	8.0		0.02006	[0.013-0.027] unit decrease	Affymetrix [10847151] (imputed)	N	anxiety	http://www.ebi.ac.uk/efo/EFO_0005230	GCST006478	Genome-wide genotyping array
2018-10-31	29942085	Nagel M	2018-06-25	Nat Genet	www.ncbi.nlm.nih.gov/pubmed/29942085	Meta-analysis of genome-wide association studies for neuroticism in 449,484 individuals identifies novel genetic loci and pathways.	Worry	348,219 European ancestry individuals	NA	7q32.3	7	131935088	NR	LOC101928782			101928782			rs1593304-A	rs1593304	0	1593304	intron_variant	0	NR	2E-8	7.698970004336019		0.01679	[0.011-0.023] unit decrease	Affymetrix [10847151] (imputed)	N	anxiety	http://www.ebi.ac.uk/efo/EFO_0005230	GCST006478	Genome-wide genotyping array
2018-10-31	29942085	Nagel M	2018-06-25	Nat Genet	www.ncbi.nlm.nih.gov/pubmed/29942085	Meta-analysis of genome-wide association studies for neuroticism in 449,484 individuals identifies novel genetic loci and pathways.	Worry	348,219 European ancestry individuals	NA	8p23.2	8	5080235	NR	RSL24D1P7 - LOC107986907	100129861	107986907		7311	33045	rs2407746-G	rs2407746	0	2407746	intergenic_variant	1	NR	1E-10	10.0		0.01678	[0.012-0.022] unit increase	Affymetrix [10847151] (imputed)	N	anxiety	http://www.ebi.ac.uk/efo/EFO_0005230	GCST006478	Genome-wide genotyping array
2018-10-31	29942085	Nagel M	2018-06-25	Nat Genet	www.ncbi.nlm.nih.gov/pubmed/29942085	Meta-analysis of genome-wide association studies for neuroticism in 449,484 individuals identifies novel genetic loci and pathways.	Worry	348,219 European ancestry individuals	NA	8p23.1	8	10468395	NR	MSRA - LINCR-0001	4482	101929191		39504	6170	rs150491901-A	rs150491901	0	150491901	intergenic_variant	1	NR	1E-9	9.0		0.02133	[0.014-0.028] unit increase	Affymetrix [10847151] (imputed)	N	anxiety	http://www.ebi.ac.uk/efo/EFO_0005230	GCST006478	Genome-wide genotyping array
2018-10-31	29942085	Nagel M	2018-06-25	Nat Genet	www.ncbi.nlm.nih.gov/pubmed/29942085	Meta-analysis of genome-wide association studies for neuroticism in 449,484 individuals identifies novel genetic loci and pathways.	Worry	348,219 European ancestry individuals	NA	8p22	8	14293898	NR	SGCZ			137868			rs28639817-G	rs28639817	0	28639817	intron_variant	0	NR	4E-10	9.397940008672037		0.02187	[0.015-0.029] unit increase	Affymetrix [10847151] (imputed)	N	anxiety	http://www.ebi.ac.uk/efo/EFO_0005230	GCST006478	Genome-wide genotyping array
2018-10-31	29942085	Nagel M	2018-06-25	Nat Genet	www.ncbi.nlm.nih.gov/pubmed/29942085	Meta-analysis of genome-wide association studies for neuroticism in 449,484 individuals identifies novel genetic loci and pathways.	Worry	348,219 European ancestry individuals	NA	8q24.3	8	142235609	NR	TSNARE1, LOC107986983			203062, 107986983			rs13262595-A	rs13262595	0	13262595	intron_variant	0	NR	3E-13	12.522878745280337		0.01744	[0.013-0.022] unit increase	Affymetrix [10847151] (imputed)	N	anxiety	http://www.ebi.ac.uk/efo/EFO_0005230	GCST006478	Genome-wide genotyping array
2018-10-31	29942085	Nagel M	2018-06-25	Nat Genet	www.ncbi.nlm.nih.gov/pubmed/29942085	Meta-analysis of genome-wide association studies for neuroticism in 449,484 individuals identifies novel genetic loci and pathways.	Worry	348,219 European ancestry individuals	NA	9p23	9	11610677	NR	LOC105375975			105375975			rs62551581-C	rs62551581	0	62551581	intergenic_variant	0	NR	2E-8	7.698970004336019		0.01613	[0.01-0.022] unit decrease	Affymetrix [10847151] (imputed)	N	anxiety	http://www.ebi.ac.uk/efo/EFO_0005230	GCST006478	Genome-wide genotyping array
2018-10-31	29942085	Nagel M	2018-06-25	Nat Genet	www.ncbi.nlm.nih.gov/pubmed/29942085	Meta-analysis of genome-wide association studies for neuroticism in 449,484 individuals identifies novel genetic loci and pathways.	Worry	348,219 European ancestry individuals	NA	9p21.1	9	28717575	NR	LINGO2			158038			rs7033345-C	rs7033345	0	7033345	intergenic_variant	0	NR	8E-9	8.096910013008056		0.01547	[0.01-0.021] unit decrease	Affymetrix [10847151] (imputed)	N	anxiety	http://www.ebi.ac.uk/efo/EFO_0005230	GCST006478	Genome-wide genotyping array
2018-10-31	29942085	Nagel M	2018-06-25	Nat Genet	www.ncbi.nlm.nih.gov/pubmed/29942085	Meta-analysis of genome-wide association studies for neuroticism in 449,484 individuals identifies novel genetic loci and pathways.	Worry	348,219 European ancestry individuals	NA	9q22.31	9	93500443	NR	FAM120A			23196			rs17532098-T	rs17532098	0	17532098	intron_variant	0	NR	3E-9	8.522878745280337		0.02318	[0.016-0.031] unit increase	Affymetrix [10847151] (imputed)	N	anxiety	http://www.ebi.ac.uk/efo/EFO_0005230	GCST006478	Genome-wide genotyping array
2018-10-31	29942085	Nagel M	2018-06-25	Nat Genet	www.ncbi.nlm.nih.gov/pubmed/29942085	Meta-analysis of genome-wide association studies for neuroticism in 449,484 individuals identifies novel genetic loci and pathways.	Worry	348,219 European ancestry individuals	NA	9q22.32	9	95513507	NR	PTCH1			5727			rs75614054-T	rs75614054	0	75614054	intron_variant	0	NR	1E-8	8.0		0.02406	[0.016-0.032] unit increase	Affymetrix [10847151] (imputed)	N	anxiety	http://www.ebi.ac.uk/efo/EFO_0005230	GCST006478	Genome-wide genotyping array
2018-10-31	29942085	Nagel M	2018-06-25	Nat Genet	www.ncbi.nlm.nih.gov/pubmed/29942085	Meta-analysis of genome-wide association studies for neuroticism in 449,484 individuals identifies novel genetic loci and pathways.	Worry	348,219 European ancestry individuals	NA	9q33.3	9	123552844	NR	DENND1A			57706			rs6478623-G	rs6478623	0	6478623	intron_variant	0	NR	1E-8	8.0		0.01539	[0.01-0.021] unit increase	Affymetrix [10847151] (imputed)	N	anxiety	http://www.ebi.ac.uk/efo/EFO_0005230	GCST006478	Genome-wide genotyping array
2018-10-31	29942085	Nagel M	2018-06-25	Nat Genet	www.ncbi.nlm.nih.gov/pubmed/29942085	Meta-analysis of genome-wide association studies for neuroticism in 449,484 individuals identifies novel genetic loci and pathways.	Worry	348,219 European ancestry individuals	NA	10q24.32	10	102988702	NR	CNNM2			54805			rs1890184-C	rs1890184	0	1890184	intron_variant	0	NR	2E-13	12.698970004336019		0.01785	[0.013-0.023] unit decrease	Affymetrix [10847151] (imputed)	N	anxiety	http://www.ebi.ac.uk/efo/EFO_0005230	GCST006478	Genome-wide genotyping array
2018-10-31	29942085	Nagel M	2018-06-25	Nat Genet	www.ncbi.nlm.nih.gov/pubmed/29942085	Meta-analysis of genome-wide association studies for neuroticism in 449,484 individuals identifies novel genetic loci and pathways.	Worry	348,219 European ancestry individuals	NA	10q25.1	10	105908635	NR	LOC101927549 - LOC105378468	101927549	105378468		88302	102813	rs1826787-T	rs1826787	0	1826787	intergenic_variant	1	NR	2E-9	8.698970004336019		0.02258	[0.015-0.03] unit decrease	Affymetrix [10847151] (imputed)	N	anxiety	http://www.ebi.ac.uk/efo/EFO_0005230	GCST006478	Genome-wide genotyping array
2018-10-31	29942085	Nagel M	2018-06-25	Nat Genet	www.ncbi.nlm.nih.gov/pubmed/29942085	Meta-analysis of genome-wide association studies for neuroticism in 449,484 individuals identifies novel genetic loci and pathways.	Worry	348,219 European ancestry individuals	NA	11p14.1	11	27701787	NR	BDNF			627			rs56133711-A	rs56133711	0	56133711	intron_variant	0	NR	3E-8	7.522878745280337		0.01517	[0.0098-0.0205] unit decrease	Affymetrix [10847151] (imputed)	N	anxiety	http://www.ebi.ac.uk/efo/EFO_0005230	GCST006478	Genome-wide genotyping array
2018-10-31	29942085	Nagel M	2018-06-25	Nat Genet	www.ncbi.nlm.nih.gov/pubmed/29942085	Meta-analysis of genome-wide association studies for neuroticism in 449,484 individuals identifies novel genetic loci and pathways.	Worry	348,219 European ancestry individuals	NA	11p13	11	31785976	NR	PAX6			5080			rs3026401-C	rs3026401	0	3026401	3_prime_UTR_variant	0	NR	4E-11	10.397940008672037		0.01945	[0.014-0.025] unit increase	Affymetrix [10847151] (imputed)	N	anxiety	http://www.ebi.ac.uk/efo/EFO_0005230	GCST006478	Genome-wide genotyping array
2018-10-31	29942085	Nagel M	2018-06-25	Nat Genet	www.ncbi.nlm.nih.gov/pubmed/29942085	Meta-analysis of genome-wide association studies for neuroticism in 449,484 individuals identifies novel genetic loci and pathways.	Worry	348,219 European ancestry individuals	NA	11p11.2	11	47272248	NR	MADD			8567			rs10501320-C	rs10501320	0	10501320	5_prime_UTR_variant	0	NR	3E-11	10.522878745280337		0.01791	[0.013-0.023] unit increase	Affymetrix [10847151] (imputed)	N	anxiety	http://www.ebi.ac.uk/efo/EFO_0005230	GCST006478	Genome-wide genotyping array
2018-10-31	29942085	Nagel M	2018-06-25	Nat Genet	www.ncbi.nlm.nih.gov/pubmed/29942085	Meta-analysis of genome-wide association studies for neuroticism in 449,484 individuals identifies novel genetic loci and pathways.	Worry	348,219 European ancestry individuals	NA	11q23.2	11	112956992	NR	LOC105369498 - LOC101928847	105369498	101928847		121484	2287	rs4937872-G	rs4937872	0	4937872	intergenic_variant	1	NR	1E-9	9.0		0.01489	[0.01-0.02] unit increase	Affymetrix [10847151] (imputed)	N	anxiety	http://www.ebi.ac.uk/efo/EFO_0005230	GCST006478	Genome-wide genotyping array
2018-10-31	29942085	Nagel M	2018-06-25	Nat Genet	www.ncbi.nlm.nih.gov/pubmed/29942085	Meta-analysis of genome-wide association studies for neuroticism in 449,484 individuals identifies novel genetic loci and pathways.	Worry	348,219 European ancestry individuals	NA	11q23.2	11	113493925	NR	LOC105369501			105369501			rs4245150-G	rs4245150	0	4245150	intergenic_variant	0	NR	1E-9	9.0		0.01484	[0.01-0.02] unit decrease	Affymetrix [10847151] (imputed)	N	anxiety	http://www.ebi.ac.uk/efo/EFO_0005230	GCST006478	Genome-wide genotyping array
2018-10-31	29942085	Nagel M	2018-06-25	Nat Genet	www.ncbi.nlm.nih.gov/pubmed/29942085	Meta-analysis of genome-wide association studies for neuroticism in 449,484 individuals identifies novel genetic loci and pathways.	Worry	348,219 European ancestry individuals	NA	12q23.3	12	108236003	NR	LOC105369965, WSCD2			105369965, 9671			rs1426371-A	rs1426371	0	1426371	intron_variant	0	NR	2E-8	7.698970004336019		0.01565	[0.01-0.021] unit increase	Affymetrix [10847151] (imputed)	N	anxiety	http://www.ebi.ac.uk/efo/EFO_0005230	GCST006478	Genome-wide genotyping array
2018-10-31	29942085	Nagel M	2018-06-25	Nat Genet	www.ncbi.nlm.nih.gov/pubmed/29942085	Meta-analysis of genome-wide association studies for neuroticism in 449,484 individuals identifies novel genetic loci and pathways.	Worry	348,219 European ancestry individuals	NA	12q24.11	12	109445449	NR	MYO1H			283446			rs3742020-C	rs3742020	0	3742020	non_coding_transcript_exon_variant	0	NR	2E-10	9.698970004336019		0.01627	[0.011-0.021] unit increase	Affymetrix [10847151] (imputed)	N	anxiety	http://www.ebi.ac.uk/efo/EFO_0005230	GCST006478	Genome-wide genotyping array
2018-10-31	29942085	Nagel M	2018-06-25	Nat Genet	www.ncbi.nlm.nih.gov/pubmed/29942085	Meta-analysis of genome-wide association studies for neuroticism in 449,484 individuals identifies novel genetic loci and pathways.	Worry	348,219 European ancestry individuals	NA	12q24.22	12	116723171	NR	C12orf49			79794			rs10507274-C	rs10507274	0	10507274	missense_variant	0	NR	8E-9	8.096910013008056		0.02804	[0.019-0.038] unit increase	Affymetrix [10847151] (imputed)	N	anxiety	http://www.ebi.ac.uk/efo/EFO_0005230	GCST006478	Genome-wide genotyping array
2018-10-31	29942085	Nagel M	2018-06-25	Nat Genet	www.ncbi.nlm.nih.gov/pubmed/29942085	Meta-analysis of genome-wide association studies for neuroticism in 449,484 individuals identifies novel genetic loci and pathways.	Worry	348,219 European ancestry individuals	NA	13q21.1	13	55411477	NR	MIR5007 - HNF4GP1	100846996	100130462		236929	585012	rs3124377-C	rs3124377	0	3124377	intergenic_variant	1	NR	3E-8	7.522878745280337		0.01491	[0.0096-0.0202] unit increase	Affymetrix [10847151] (imputed)	N	anxiety	http://www.ebi.ac.uk/efo/EFO_0005230	GCST006478	Genome-wide genotyping array
2018-10-31	29942085	Nagel M	2018-06-25	Nat Genet	www.ncbi.nlm.nih.gov/pubmed/29942085	Meta-analysis of genome-wide association studies for neuroticism in 449,484 individuals identifies novel genetic loci and pathways.	Worry	348,219 European ancestry individuals	NA	13q21.1	13	58585815	NR	CTAGE16P - LOC105370218	341689	105370218		54670	41939	rs1330745-C	rs1330745	0	1330745	intergenic_variant	1	NR	3E-10	9.522878745280337		0.01819	[0.013-0.024] unit decrease	Affymetrix [10847151] (imputed)	N	anxiety	http://www.ebi.ac.uk/efo/EFO_0005230	GCST006478	Genome-wide genotyping array
2018-10-31	29942085	Nagel M	2018-06-25	Nat Genet	www.ncbi.nlm.nih.gov/pubmed/29942085	Meta-analysis of genome-wide association studies for neuroticism in 449,484 individuals identifies novel genetic loci and pathways.	Worry	348,219 European ancestry individuals	NA	14q24.3	14	74658837	NR	LOC100419503 - AREL1	100419503	9870		236	2415	rs7152906-T	rs7152906	0	7152906	intron_variant	1	NR	1E-13	13.0		0.01765	[0.013-0.022] unit decrease	Affymetrix [10847151] (imputed)	N	anxiety	http://www.ebi.ac.uk/efo/EFO_0005230	GCST006478	Genome-wide genotyping array
2018-10-31	29942085	Nagel M	2018-06-25	Nat Genet	www.ncbi.nlm.nih.gov/pubmed/29942085	Meta-analysis of genome-wide association studies for neuroticism in 449,484 individuals identifies novel genetic loci and pathways.	Worry	348,219 European ancestry individuals	NA	14q24.3	14	77018366	NR	RPLP1P1 - IRF2BPL	145499	64207		49183	6177	rs61991614-A	rs61991614	0	61991614	intergenic_variant	1	NR	2E-8	7.698970004336019		0.01517	[0.0098-0.0205] unit decrease	Affymetrix [10847151] (imputed)	N	anxiety	http://www.ebi.ac.uk/efo/EFO_0005230	GCST006478	Genome-wide genotyping array
2018-10-31	29942085	Nagel M	2018-06-25	Nat Genet	www.ncbi.nlm.nih.gov/pubmed/29942085	Meta-analysis of genome-wide association studies for neuroticism in 449,484 individuals identifies novel genetic loci and pathways.	Worry	348,219 European ancestry individuals	NA	16p13.3	16	7616662	NR	RBFOX1			54715			rs55997507-G	rs55997507	0	55997507	intron_variant	0	NR	3E-10	9.522878745280337		0.01558	[0.011-0.02] unit decrease	Affymetrix [10847151] (imputed)	N	anxiety	http://www.ebi.ac.uk/efo/EFO_0005230	GCST006478	Genome-wide genotyping array
2018-10-31	29942085	Nagel M	2018-06-25	Nat Genet	www.ncbi.nlm.nih.gov/pubmed/29942085	Meta-analysis of genome-wide association studies for neuroticism in 449,484 individuals identifies novel genetic loci and pathways.	Worry	348,219 European ancestry individuals	NA	16p11.2	16	31079888	NR	ZNF646			9726			rs3751855-C	rs3751855	0	3751855	synonymous_variant	0	NR	1E-8	8.0		0.01391	[0.0091-0.0187] unit decrease	Affymetrix [10847151] (imputed)	N	anxiety	http://www.ebi.ac.uk/efo/EFO_0005230	GCST006478	Genome-wide genotyping array
2018-10-31	29942085	Nagel M	2018-06-25	Nat Genet	www.ncbi.nlm.nih.gov/pubmed/29942085	Meta-analysis of genome-wide association studies for neuroticism in 449,484 individuals identifies novel genetic loci and pathways.	Worry	348,219 European ancestry individuals	NA	16q24.2	16	87477955	NR	ZCCHC14			23174			rs9936170-G	rs9936170	0	9936170	intron_variant	0	NR	5E-9	8.301029995663981		0.01787	[0.012-0.024] unit increase	Affymetrix [10847151] (imputed)	N	anxiety	http://www.ebi.ac.uk/efo/EFO_0005230	GCST006478	Genome-wide genotyping array
2018-10-31	29942085	Nagel M	2018-06-25	Nat Genet	www.ncbi.nlm.nih.gov/pubmed/29942085	Meta-analysis of genome-wide association studies for neuroticism in 449,484 individuals identifies novel genetic loci and pathways.	Worry	348,219 European ancestry individuals	NA	17p11.2	17	19994492	NR	AKAP10 - SPECC1	11216	92521		16636	14809	rs11204421-C	rs11204421	0	11204421	intergenic_variant	1	NR	4E-8	7.3979400086720375		0.01322	[0.0085-0.0179] unit increase	Affymetrix [10847151] (imputed)	N	anxiety	http://www.ebi.ac.uk/efo/EFO_0005230	GCST006478	Genome-wide genotyping array
2018-10-31	29942085	Nagel M	2018-06-25	Nat Genet	www.ncbi.nlm.nih.gov/pubmed/29942085	Meta-analysis of genome-wide association studies for neuroticism in 449,484 individuals identifies novel genetic loci and pathways.	Worry	348,219 European ancestry individuals	NA	17q11.2	17	31063653	NR	LOC646030 - LOC105371722	646030	105371722		12616	27243	rs60642411-A	rs60642411	0	60642411	intron_variant	1	NR	5E-8	7.301029995663981		0.019	[0.012-0.026] unit increase	Affymetrix [10847151] (imputed)	N	anxiety	http://www.ebi.ac.uk/efo/EFO_0005230	GCST006478	Genome-wide genotyping array
2018-10-31	29942085	Nagel M	2018-06-25	Nat Genet	www.ncbi.nlm.nih.gov/pubmed/29942085	Meta-analysis of genome-wide association studies for neuroticism in 449,484 individuals identifies novel genetic loci and pathways.	Worry	348,219 European ancestry individuals	NA	17q21.31	17	45746994	NR	MGC57346-CRHR1			104909134			rs7207400-C	rs7207400	0	7207400	intron_variant	0	NR	2E-15	14.698970004336019		0.02119	[0.016-0.026] unit increase	Affymetrix [10847151] (imputed)	N	anxiety	http://www.ebi.ac.uk/efo/EFO_0005230	GCST006478	Genome-wide genotyping array
2018-10-31	29942085	Nagel M	2018-06-25	Nat Genet	www.ncbi.nlm.nih.gov/pubmed/29942085	Meta-analysis of genome-wide association studies for neuroticism in 449,484 individuals identifies novel genetic loci and pathways.	Worry	348,219 European ancestry individuals	NA	17q23.3	17	63446864	NR	CYB561 - LOC342541	1534	342541		503	24731	rs75195552-A	rs75195552	0	75195552	regulatory_region_variant	1	NR	7E-9	8.154901959985743		0.01678	[0.011-0.022] unit increase	Affymetrix [10847151] (imputed)	N	anxiety	http://www.ebi.ac.uk/efo/EFO_0005230	GCST006478	Genome-wide genotyping array
2018-10-31	29942085	Nagel M	2018-06-25	Nat Genet	www.ncbi.nlm.nih.gov/pubmed/29942085	Meta-analysis of genome-wide association studies for neuroticism in 449,484 individuals identifies novel genetic loci and pathways.	Worry	348,219 European ancestry individuals	NA	17q25.1	17	75850024	NR	WBP2			23558			rs3988211-A	rs3988211	0	3988211	intron_variant	0	NR	5E-8	7.301029995663981		0.02767	[0.018-0.038] unit increase	Affymetrix [10847151] (imputed)	N	anxiety	http://www.ebi.ac.uk/efo/EFO_0005230	GCST006478	Genome-wide genotyping array
2018-10-31	29942085	Nagel M	2018-06-25	Nat Genet	www.ncbi.nlm.nih.gov/pubmed/29942085	Meta-analysis of genome-wide association studies for neuroticism in 449,484 individuals identifies novel genetic loci and pathways.	Worry	348,219 European ancestry individuals	NA	17q25.3	17	81110774	NR	BAIAP2, LOC107987250			10458, 107987250			rs56084168-T	rs56084168	0	56084168	intron_variant	0	NR	2E-10	9.698970004336019		0.02129	[0.015-0.028] unit decrease	Affymetrix [10847151] (imputed)	N	anxiety	http://www.ebi.ac.uk/efo/EFO_0005230	GCST006478	Genome-wide genotyping array
2018-10-31	29942085	Nagel M	2018-06-25	Nat Genet	www.ncbi.nlm.nih.gov/pubmed/29942085	Meta-analysis of genome-wide association studies for neuroticism in 449,484 individuals identifies novel genetic loci and pathways.	Worry	348,219 European ancestry individuals	NA	18q12.1	18	33787086	NR	LOC107985157			107985157			rs4799723-T	rs4799723	0	4799723	regulatory_region_variant	0	NR	2E-8	7.698970004336019		0.01342	[0.0087-0.0181] unit decrease	Affymetrix [10847151] (imputed)	N	anxiety	http://www.ebi.ac.uk/efo/EFO_0005230	GCST006478	Genome-wide genotyping array
2018-10-31	29942085	Nagel M	2018-06-25	Nat Genet	www.ncbi.nlm.nih.gov/pubmed/29942085	Meta-analysis of genome-wide association studies for neuroticism in 449,484 individuals identifies novel genetic loci and pathways.	Worry	348,219 European ancestry individuals	NA	18q12.2	18	37627749	NR	CELF4 - LOC107985118	56853	107985118		61697	9455	rs62081501-A	rs62081501	0	62081501	intergenic_variant	1	NR	7E-12	11.154901959985743		0.02984	[0.021-0.038] unit increase	Affymetrix [10847151] (imputed)	N	anxiety	http://www.ebi.ac.uk/efo/EFO_0005230	GCST006478	Genome-wide genotyping array
2018-10-31	29942085	Nagel M	2018-06-25	Nat Genet	www.ncbi.nlm.nih.gov/pubmed/29942085	Meta-analysis of genome-wide association studies for neuroticism in 449,484 individuals identifies novel genetic loci and pathways.	Worry	348,219 European ancestry individuals	NA	18q21.32	18	60184530	NR	RNU4-17P - LOC342784	106481177	342784		20823	11825	rs10871777-G	rs10871777	0	10871777	intergenic_variant	1	NR	5E-13	12.301029995663981		0.02024	[0.015-0.026] unit decrease	Affymetrix [10847151] (imputed)	N	anxiety	http://www.ebi.ac.uk/efo/EFO_0005230	GCST006478	Genome-wide genotyping array
2018-10-31	29942085	Nagel M	2018-06-25	Nat Genet	www.ncbi.nlm.nih.gov/pubmed/29942085	Meta-analysis of genome-wide association studies for neuroticism in 449,484 individuals identifies novel genetic loci and pathways.	Worry	348,219 European ancestry individuals	NA	19p13.3	19	727401	NR	PALM			5064			rs77432625-G	rs77432625	0	77432625	intron_variant	0	NR	2E-9	8.698970004336019		0.03706	[0.025-0.049] unit increase	Affymetrix [10847151] (imputed)	N	anxiety	http://www.ebi.ac.uk/efo/EFO_0005230	GCST006478	Genome-wide genotyping array
2018-10-31	29942085	Nagel M	2018-06-25	Nat Genet	www.ncbi.nlm.nih.gov/pubmed/29942085	Meta-analysis of genome-wide association studies for neuroticism in 449,484 individuals identifies novel genetic loci and pathways.	Worry	348,219 European ancestry individuals	NA	19q13.41	19	51749131	NR	FPR1			2357			rs112591851-T	rs112591851	0	112591851	intron_variant	0	NR	4E-8	7.3979400086720375		0.03774	[0.024-0.051] unit decrease	Affymetrix [10847151] (imputed)	N	anxiety	http://www.ebi.ac.uk/efo/EFO_0005230	GCST006478	Genome-wide genotyping array
2018-10-31	29942085	Nagel M	2018-06-25	Nat Genet	www.ncbi.nlm.nih.gov/pubmed/29942085	Meta-analysis of genome-wide association studies for neuroticism in 449,484 individuals identifies novel genetic loci and pathways.	Worry	348,219 European ancestry individuals	NA	20p11.23	20	18727895	NR	DTD1			92675			rs1998122-A	rs1998122	0	1998122	intron_variant	0	NR	1E-8	8.0		0.01403	[0.0092-0.0188] unit decrease	Affymetrix [10847151] (imputed)	N	anxiety	http://www.ebi.ac.uk/efo/EFO_0005230	GCST006478	Genome-wide genotyping array
2018-10-31	29942085	Nagel M	2018-06-25	Nat Genet	www.ncbi.nlm.nih.gov/pubmed/29942085	Meta-analysis of genome-wide association studies for neuroticism in 449,484 individuals identifies novel genetic loci and pathways.	Worry	348,219 European ancestry individuals	NA	22q13.2	22	41357599	NR	ZC3H7B			23264			rs11090045-A	rs11090045	0	11090045	3_prime_UTR_variant	0	NR	1E-11	11.0		0.01788	[0.013-0.023] unit increase	Affymetrix [10847151] (imputed)	N	anxiety	http://www.ebi.ac.uk/efo/EFO_0005230	GCST006478	Genome-wide genotyping array
2018-10-31	29942085	Nagel M	2018-06-25	Nat Genet	www.ncbi.nlm.nih.gov/pubmed/29942085	Meta-analysis of genome-wide association studies for neuroticism in 449,484 individuals identifies novel genetic loci and pathways.	Worry	348,219 European ancestry individuals	NA	11p11.2	11	47711942	NR	AGBL2			79841			rs1017730-A	rs1017730	0	1017730	intron_variant	0	NR	6E-9	8.221848749616356		0.01601	[0.011-0.021] unit increase	Affymetrix [10847151] (imputed)	N	anxiety	http://www.ebi.ac.uk/efo/EFO_0005230	GCST006478	Genome-wide genotyping array
2018-10-31	29942085	Nagel M	2018-06-25	Nat Genet	www.ncbi.nlm.nih.gov/pubmed/29942085	Meta-analysis of genome-wide association studies for neuroticism in 449,484 individuals identifies novel genetic loci and pathways.	Worry	348,219 European ancestry individuals	NA	11p11.2	11	47356845	NR	SPI1			6688			rs10769256-T	rs10769256	0	10769256	intron_variant	0	NR	7E-9	8.154901959985743		0.01416	[0.0094-0.0189] unit increase	Affymetrix [10847151] (imputed)	N	anxiety	http://www.ebi.ac.uk/efo/EFO_0005230	GCST006478	Genome-wide genotyping array
2018-10-31	29942085	Nagel M	2018-06-25	Nat Genet	www.ncbi.nlm.nih.gov/pubmed/29942085	Meta-analysis of genome-wide association studies for neuroticism in 449,484 individuals identifies novel genetic loci and pathways.	Worry	348,219 European ancestry individuals	NA	12q24.11	12	109564972	NR	MMAB			326625			rs10850379-T	rs10850379	0	10850379	non_coding_transcript_exon_variant	0	NR	2E-8	7.698970004336019		0.01356	[0.0089-0.0183] unit increase	Affymetrix [10847151] (imputed)	N	anxiety	http://www.ebi.ac.uk/efo/EFO_0005230	GCST006478	Genome-wide genotyping array
2018-10-31	29942085	Nagel M	2018-06-25	Nat Genet	www.ncbi.nlm.nih.gov/pubmed/29942085	Meta-analysis of genome-wide association studies for neuroticism in 449,484 individuals identifies novel genetic loci and pathways.	Worry	348,219 European ancestry individuals	NA	14q24.3	14	74633180	NR	LOC101928352 - LOC105370567	101928352	105370567		16512	18096	rs11159097-C	rs11159097	0	11159097	intergenic_variant	1	NR	5E-8	7.301029995663981		0.01308	[0.0084-0.0178] unit increase	Affymetrix [10847151] (imputed)	N	anxiety	http://www.ebi.ac.uk/efo/EFO_0005230	GCST006478	Genome-wide genotyping array
2018-10-31	29942085	Nagel M	2018-06-25	Nat Genet	www.ncbi.nlm.nih.gov/pubmed/29942085	Meta-analysis of genome-wide association studies for neuroticism in 449,484 individuals identifies novel genetic loci and pathways.	Worry	348,219 European ancestry individuals	NA	10q24.32	10	102767194	NR	WBP1L			54838			rs11191392-A	rs11191392	0	11191392	intron_variant	0	NR	5E-8	7.301029995663981		0.01307	[0.0084-0.0178] unit decrease	Affymetrix [10847151] (imputed)	N	anxiety	http://www.ebi.ac.uk/efo/EFO_0005230	GCST006478	Genome-wide genotyping array
2018-10-31	29942085	Nagel M	2018-06-25	Nat Genet	www.ncbi.nlm.nih.gov/pubmed/29942085	Meta-analysis of genome-wide association studies for neuroticism in 449,484 individuals identifies novel genetic loci and pathways.	Worry	348,219 European ancestry individuals	NA	10q24.33	10	103279484	NR	INA			9118			rs1163085-G	rs1163085	0	1163085	intron_variant	0	NR	4E-8	7.3979400086720375		0.01352	[0.0087-0.0184] unit increase	Affymetrix [10847151] (imputed)	N	anxiety	http://www.ebi.ac.uk/efo/EFO_0005230	GCST006478	Genome-wide genotyping array
2018-10-31	29942085	Nagel M	2018-06-25	Nat Genet	www.ncbi.nlm.nih.gov/pubmed/29942085	Meta-analysis of genome-wide association studies for neuroticism in 449,484 individuals identifies novel genetic loci and pathways.	Worry	348,219 European ancestry individuals	NA	18q12.2	18	37621190	NR	CELF4 - LOC107985118	56853	107985118		55138	16014	rs11663050-T	rs11663050	0	11663050	intergenic_variant	1	NR	4E-11	10.397940008672037		0.01653	[0.012-0.021] unit increase	Affymetrix [10847151] (imputed)	N	anxiety	http://www.ebi.ac.uk/efo/EFO_0005230	GCST006478	Genome-wide genotyping array
2018-10-31	29942085	Nagel M	2018-06-25	Nat Genet	www.ncbi.nlm.nih.gov/pubmed/29942085	Meta-analysis of genome-wide association studies for neuroticism in 449,484 individuals identifies novel genetic loci and pathways.	Worry	348,219 European ancestry individuals	NA	1q31.3	1	197853864	NR	DENND1B - C1orf53	163486	388722		71726	48688	rs12145083-A	rs12145083	0	12145083	intergenic_variant	1	NR	2E-8	7.698970004336019		0.01663	[0.011-0.022] unit decrease	Affymetrix [10847151] (imputed)	N	anxiety	http://www.ebi.ac.uk/efo/EFO_0005230	GCST006478	Genome-wide genotyping array
2018-10-31	29942085	Nagel M	2018-06-25	Nat Genet	www.ncbi.nlm.nih.gov/pubmed/29942085	Meta-analysis of genome-wide association studies for neuroticism in 449,484 individuals identifies novel genetic loci and pathways.	Worry	348,219 European ancestry individuals	NA	10q24.32	10	102981357	NR	CNNM2			54805			rs12260436-C	rs12260436	0	12260436	intron_variant	0	NR	4E-9	8.397940008672037		0.01615	[0.011-0.022] unit decrease	Affymetrix [10847151] (imputed)	N	anxiety	http://www.ebi.ac.uk/efo/EFO_0005230	GCST006478	Genome-wide genotyping array
2018-10-31	29942085	Nagel M	2018-06-25	Nat Genet	www.ncbi.nlm.nih.gov/pubmed/29942085	Meta-analysis of genome-wide association studies for neuroticism in 449,484 individuals identifies novel genetic loci and pathways.	Worry	348,219 European ancestry individuals	NA	22q13.2	22	41043300	NR	RBX1 - RPS9P2	9978	267009		70285	20696	rs12484971-T	rs12484971	0	12484971	intergenic_variant	1	NR	2E-10	9.698970004336019		0.01673	[0.012-0.022] unit increase	Affymetrix [10847151] (imputed)	N	anxiety	http://www.ebi.ac.uk/efo/EFO_0005230	GCST006478	Genome-wide genotyping array
2018-10-31	29942085	Nagel M	2018-06-25	Nat Genet	www.ncbi.nlm.nih.gov/pubmed/29942085	Meta-analysis of genome-wide association studies for neuroticism in 449,484 individuals identifies novel genetic loci and pathways.	Worry	348,219 European ancestry individuals	NA	3p12.1	3	84966628	NR	CADM2			253559			rs1248860-G	rs1248860	0	1248860	intron_variant	0	NR	4E-9	8.397940008672037		0.01404	[0.0094-0.0187] unit increase	Affymetrix [10847151] (imputed)	N	anxiety	http://www.ebi.ac.uk/efo/EFO_0005230	GCST006478	Genome-wide genotyping array
2018-10-31	29942085	Nagel M	2018-06-25	Nat Genet	www.ncbi.nlm.nih.gov/pubmed/29942085	Meta-analysis of genome-wide association studies for neuroticism in 449,484 individuals identifies novel genetic loci and pathways.	Worry	348,219 European ancestry individuals	NA	10q24.32	10	102875591	NR	C10orf32-ASMT, AS3MT			100528007, 57412			rs12765002-T	rs12765002	0	12765002	intron_variant	0	NR	2E-12	11.698970004336019		0.02012	[0.015-0.026] unit decrease	Affymetrix [10847151] (imputed)	N	anxiety	http://www.ebi.ac.uk/efo/EFO_0005230	GCST006478	Genome-wide genotyping array
2018-10-31	29942085	Nagel M	2018-06-25	Nat Genet	www.ncbi.nlm.nih.gov/pubmed/29942085	Meta-analysis of genome-wide association studies for neuroticism in 449,484 individuals identifies novel genetic loci and pathways.	Worry	348,219 European ancestry individuals	NA	16p13.3	16	7612705	NR	RBFOX1			54715			rs12923795-A	rs12923795	0	12923795	intron_variant	0	NR	6E-10	9.221848749616356		0.01476	[0.01-0.019] unit decrease	Affymetrix [10847151] (imputed)	N	anxiety	http://www.ebi.ac.uk/efo/EFO_0005230	GCST006478	Genome-wide genotyping array
2018-10-31	29942085	Nagel M	2018-06-25	Nat Genet	www.ncbi.nlm.nih.gov/pubmed/29942085	Meta-analysis of genome-wide association studies for neuroticism in 449,484 individuals identifies novel genetic loci and pathways.	Worry	348,219 European ancestry individuals	NA	17q21.31	17	45777136	NR	MGC57346-CRHR1			104909134			rs12938031-G	rs12938031	0	12938031	intron_variant	0	NR	3E-10	9.522878745280337		0.0153	[0.011-0.02] unit increase	Affymetrix [10847151] (imputed)	N	anxiety	http://www.ebi.ac.uk/efo/EFO_0005230	GCST006478	Genome-wide genotyping array
2018-10-31	29942085	Nagel M	2018-06-25	Nat Genet	www.ncbi.nlm.nih.gov/pubmed/29942085	Meta-analysis of genome-wide association studies for neuroticism in 449,484 individuals identifies novel genetic loci and pathways.	Worry	348,219 European ancestry individuals	NA	18q12.2	18	37635554	NR	CELF4 - LOC107985118	56853	107985118		69502	1650	rs12957516-C	rs12957516	0	12957516	intergenic_variant	1	NR	3E-9	8.522878745280337		0.01584	[0.011-0.021] unit increase	Affymetrix [10847151] (imputed)	N	anxiety	http://www.ebi.ac.uk/efo/EFO_0005230	GCST006478	Genome-wide genotyping array
2018-10-31	29942085	Nagel M	2018-06-25	Nat Genet	www.ncbi.nlm.nih.gov/pubmed/29942085	Meta-analysis of genome-wide association studies for neuroticism in 449,484 individuals identifies novel genetic loci and pathways.	Worry	348,219 European ancestry individuals	NA	3p21.1	3	52473703	NR	NISCH			11188			rs13094915-C	rs13094915	0	13094915	intron_variant	0	NR	7E-9	8.154901959985743		0.01446	[0.0096-0.0194] unit decrease	Affymetrix [10847151] (imputed)	N	anxiety	http://www.ebi.ac.uk/efo/EFO_0005230	GCST006478	Genome-wide genotyping array
2018-10-31	29942085	Nagel M	2018-06-25	Nat Genet	www.ncbi.nlm.nih.gov/pubmed/29942085	Meta-analysis of genome-wide association studies for neuroticism in 449,484 individuals identifies novel genetic loci and pathways.	Worry	348,219 European ancestry individuals	NA	8q24.3	8	142244830	NR	TSNARE1			203062			rs13282237-G	rs13282237	0	13282237	intron_variant	0	NR	2E-8	7.698970004336019		0.01353	[0.0088-0.0183] unit decrease	Affymetrix [10847151] (imputed)	N	anxiety	http://www.ebi.ac.uk/efo/EFO_0005230	GCST006478	Genome-wide genotyping array
2018-10-31	29942085	Nagel M	2018-06-25	Nat Genet	www.ncbi.nlm.nih.gov/pubmed/29942085	Meta-analysis of genome-wide association studies for neuroticism in 449,484 individuals identifies novel genetic loci and pathways.	Worry	348,219 European ancestry individuals	NA	5q14.3	5	88569547	NR	LINC00461			645323			rs13328187-C	rs13328187	0	13328187	intron_variant	0	NR	4E-10	9.397940008672037		0.01711	[0.012-0.022] unit increase	Affymetrix [10847151] (imputed)	N	anxiety	http://www.ebi.ac.uk/efo/EFO_0005230	GCST006478	Genome-wide genotyping array
2018-10-31	29942085	Nagel M	2018-06-25	Nat Genet	www.ncbi.nlm.nih.gov/pubmed/29942085	Meta-analysis of genome-wide association studies for neuroticism in 449,484 individuals identifies novel genetic loci and pathways.	Worry	348,219 European ancestry individuals	NA	3p12.1	3	85363180	NR	CADM2			253559			rs1368748-A	rs1368748	0	1368748	intron_variant	0	NR	1E-8	8.0		0.01429	[0.0094-0.0192] unit decrease	Affymetrix [10847151] (imputed)	N	anxiety	http://www.ebi.ac.uk/efo/EFO_0005230	GCST006478	Genome-wide genotyping array
2018-10-31	29942085	Nagel M	2018-06-25	Nat Genet	www.ncbi.nlm.nih.gov/pubmed/29942085	Meta-analysis of genome-wide association studies for neuroticism in 449,484 individuals identifies novel genetic loci and pathways.	Worry	348,219 European ancestry individuals	NA	18q12.2	18	37628357	NR	CELF4 - LOC107985118	56853	107985118		62305	8847	rs1427041-A	rs1427041	0	1427041	intergenic_variant	1	NR	3E-10	9.522878745280337		0.02004	[0.014-0.026] unit increase	Affymetrix [10847151] (imputed)	N	anxiety	http://www.ebi.ac.uk/efo/EFO_0005230	GCST006478	Genome-wide genotyping array
2018-10-31	29942085	Nagel M	2018-06-25	Nat Genet	www.ncbi.nlm.nih.gov/pubmed/29942085	Meta-analysis of genome-wide association studies for neuroticism in 449,484 individuals identifies novel genetic loci and pathways.	Worry	348,219 European ancestry individuals	NA	18q12.2	18	37540169	NR	CELF4			56853			rs1539844-A	rs1539844	0	1539844	intron_variant	0	NR	2E-10	9.698970004336019		0.02063	[0.014-0.027] unit increase	Affymetrix [10847151] (imputed)	N	anxiety	http://www.ebi.ac.uk/efo/EFO_0005230	GCST006478	Genome-wide genotyping array
2018-10-31	29942085	Nagel M	2018-06-25	Nat Genet	www.ncbi.nlm.nih.gov/pubmed/29942085	Meta-analysis of genome-wide association studies for neuroticism in 449,484 individuals identifies novel genetic loci and pathways.	Worry	348,219 European ancestry individuals	NA	5q14.3	5	87982999	NR	LOC105379069 - LOC105379070	105379069	105379070		244635	116399	rs16902946-C	rs16902946	0	16902946	intergenic_variant	1	NR	7E-10	9.154901959985743		0.01857	[0.013-0.024] unit increase	Affymetrix [10847151] (imputed)	N	anxiety	http://www.ebi.ac.uk/efo/EFO_0005230	GCST006478	Genome-wide genotyping array
2018-10-31	29942085	Nagel M	2018-06-25	Nat Genet	www.ncbi.nlm.nih.gov/pubmed/29942085	Meta-analysis of genome-wide association studies for neuroticism in 449,484 individuals identifies novel genetic loci and pathways.	Worry	348,219 European ancestry individuals	NA	1q42.13	1	226909338	NR	PSEN2 - LOC107985354	5664	107985354		5509	1324	rs1938386-G	rs1938386	0	1938386	intron_variant	1	NR	5E-8	7.301029995663981		0.01301	[0.0083-0.0177] unit decrease	Affymetrix [10847151] (imputed)	N	anxiety	http://www.ebi.ac.uk/efo/EFO_0005230	GCST006478	Genome-wide genotyping array
2018-10-31	29942085	Nagel M	2018-06-25	Nat Genet	www.ncbi.nlm.nih.gov/pubmed/29942085	Meta-analysis of genome-wide association studies for neuroticism in 449,484 individuals identifies novel genetic loci and pathways.	Worry	348,219 European ancestry individuals	NA	5q14.3	5	88526854	NR	LOC102546226 - LINC00461	102546226	645323		87764	13925	rs2194027-A	rs2194027	0	2194027	intron_variant	1	NR	6E-10	9.221848749616356		0.01502	[0.01-0.02] unit decrease	Affymetrix [10847151] (imputed)	N	anxiety	http://www.ebi.ac.uk/efo/EFO_0005230	GCST006478	Genome-wide genotyping array
2018-10-31	29942085	Nagel M	2018-06-25	Nat Genet	www.ncbi.nlm.nih.gov/pubmed/29942085	Meta-analysis of genome-wide association studies for neuroticism in 449,484 individuals identifies novel genetic loci and pathways.	Worry	348,219 European ancestry individuals	NA	22q13.2	22	40963782	NR	RBX1			9978			rs2413631-A	rs2413631	0	2413631	intron_variant	0	NR	9E-11	10.045757490560675		0.01799	[0.013-0.023] unit increase	Affymetrix [10847151] (imputed)	N	anxiety	http://www.ebi.ac.uk/efo/EFO_0005230	GCST006478	Genome-wide genotyping array
2018-10-31	29942085	Nagel M	2018-06-25	Nat Genet	www.ncbi.nlm.nih.gov/pubmed/29942085	Meta-analysis of genome-wide association studies for neuroticism in 449,484 individuals identifies novel genetic loci and pathways.	Worry	348,219 European ancestry individuals	NA	17q21.31	17	45984528	NR	MAPT			4137			rs2435210-T	rs2435210	0	2435210	intron_variant	0	NR	2E-8	7.698970004336019		0.01485	[0.0097-0.02] unit decrease	Affymetrix [10847151] (imputed)	N	anxiety	http://www.ebi.ac.uk/efo/EFO_0005230	GCST006478	Genome-wide genotyping array
2018-10-31	29942085	Nagel M	2018-06-25	Nat Genet	www.ncbi.nlm.nih.gov/pubmed/29942085	Meta-analysis of genome-wide association studies for neuroticism in 449,484 individuals identifies novel genetic loci and pathways.	Worry	348,219 European ancestry individuals	NA	5q21.1	5	103223706	NR	PPIP5K2 - C5orf30	23262	90355		20183	34996	rs246914-C	rs246914	0	246914	intergenic_variant	1	NR	5E-8	7.301029995663981		0.01508	[0.0097-0.0205] unit decrease	Affymetrix [10847151] (imputed)	N	anxiety	http://www.ebi.ac.uk/efo/EFO_0005230	GCST006478	Genome-wide genotyping array
2018-10-31	29942085	Nagel M	2018-06-25	Nat Genet	www.ncbi.nlm.nih.gov/pubmed/29942085	Meta-analysis of genome-wide association studies for neuroticism in 449,484 individuals identifies novel genetic loci and pathways.	Worry	348,219 European ancestry individuals	NA	3p21.1	3	52781889	NR	ITIH1			3697			rs2710323-C	rs2710323	0	2710323	intron_variant	0	NR	4E-11	10.397940008672037		0.01585	[0.011-0.021] unit decrease	Affymetrix [10847151] (imputed)	N	anxiety	http://www.ebi.ac.uk/efo/EFO_0005230	GCST006478	Genome-wide genotyping array
2018-10-31	29942085	Nagel M	2018-06-25	Nat Genet	www.ncbi.nlm.nih.gov/pubmed/29942085	Meta-analysis of genome-wide association studies for neuroticism in 449,484 individuals identifies novel genetic loci and pathways.	Worry	348,219 European ancestry individuals	NA	14q24.3	14	74880037	NR	PROX2 - DLST	283571	1743		3374	1854	rs28426374-T	rs28426374	0	28426374	intergenic_variant	1	NR	2E-12	11.698970004336019		0.01675	[0.012-0.021] unit decrease	Affymetrix [10847151] (imputed)	N	anxiety	http://www.ebi.ac.uk/efo/EFO_0005230	GCST006478	Genome-wide genotyping array
2018-10-31	29942085	Nagel M	2018-06-25	Nat Genet	www.ncbi.nlm.nih.gov/pubmed/29942085	Meta-analysis of genome-wide association studies for neuroticism in 449,484 individuals identifies novel genetic loci and pathways.	Worry	348,219 European ancestry individuals	NA	6p22.1	6	29292654	NR	LOC105375005			105375005			rs3117425-T	rs3117425	0	3117425	non_coding_transcript_exon_variant	0	NR	2E-8	7.698970004336019		0.02019	[0.013-0.027] unit decrease	Affymetrix [10847151] (imputed)	N	anxiety	http://www.ebi.ac.uk/efo/EFO_0005230	GCST006478	Genome-wide genotyping array
2018-10-31	29942085	Nagel M	2018-06-25	Nat Genet	www.ncbi.nlm.nih.gov/pubmed/29942085	Meta-analysis of genome-wide association studies for neuroticism in 449,484 individuals identifies novel genetic loci and pathways.	Worry	348,219 European ancestry individuals	NA	14q24.3	14	74911482	NR	RPS6KL1			83694			rs3213716-A	rs3213716	0	3213716	non_coding_transcript_exon_variant	0	NR	3E-10	9.522878745280337		0.01546	[0.011-0.02] unit increase	Affymetrix [10847151] (imputed)	N	anxiety	http://www.ebi.ac.uk/efo/EFO_0005230	GCST006478	Genome-wide genotyping array
2018-10-31	29942085	Nagel M	2018-06-25	Nat Genet	www.ncbi.nlm.nih.gov/pubmed/29942085	Meta-analysis of genome-wide association studies for neuroticism in 449,484 individuals identifies novel genetic loci and pathways.	Worry	348,219 European ancestry individuals	NA	22q13.2	22	41308868	NR	ZC3H7B			23264			rs34011394-T	rs34011394	0	34011394	intron_variant	0	NR	2E-8	7.698970004336019		0.01354	[0.0088-0.0182] unit decrease	Affymetrix [10847151] (imputed)	N	anxiety	http://www.ebi.ac.uk/efo/EFO_0005230	GCST006478	Genome-wide genotyping array
2018-10-31	29942085	Nagel M	2018-06-25	Nat Genet	www.ncbi.nlm.nih.gov/pubmed/29942085	Meta-analysis of genome-wide association studies for neuroticism in 449,484 individuals identifies novel genetic loci and pathways.	Worry	348,219 European ancestry individuals	NA	3p21.2	3	52279416	NR	WDR82 - LOC107986086	80335	107986086		773	3477	rs34135146-C	rs34135146	0	34135146	intron_variant	1	NR	1E-9	9.0		0.02174	[0.015-0.029] unit decrease	Affymetrix [10847151] (imputed)	N	anxiety	http://www.ebi.ac.uk/efo/EFO_0005230	GCST006478	Genome-wide genotyping array
2018-10-31	29942085	Nagel M	2018-06-25	Nat Genet	www.ncbi.nlm.nih.gov/pubmed/29942085	Meta-analysis of genome-wide association studies for neuroticism in 449,484 individuals identifies novel genetic loci and pathways.	Worry	348,219 European ancestry individuals	NA	6p22.1	6	27186205	NR	TRI-AAT5-4 - TRV-CAC6-1	100189336	100189368		8917	19883	rs34569203-C	rs34569203	0	34569203	intergenic_variant	1	NR	3E-8	7.522878745280337		0.01694	[0.011-0.023] unit decrease	Affymetrix [10847151] (imputed)	N	anxiety	http://www.ebi.ac.uk/efo/EFO_0005230	GCST006478	Genome-wide genotyping array
2018-10-31	29942085	Nagel M	2018-06-25	Nat Genet	www.ncbi.nlm.nih.gov/pubmed/29942085	Meta-analysis of genome-wide association studies for neuroticism in 449,484 individuals identifies novel genetic loci and pathways.	Worry	348,219 European ancestry individuals	NA	3p21.2	3	52222681	NR	TLR9			54106			rs352140-C	rs352140	0	352140	synonymous_variant	0	NR	3E-11	10.522878745280337		0.01598	[0.011-0.021] unit increase	Affymetrix [10847151] (imputed)	N	anxiety	http://www.ebi.ac.uk/efo/EFO_0005230	GCST006478	Genome-wide genotyping array
2018-10-31	29942085	Nagel M	2018-06-25	Nat Genet	www.ncbi.nlm.nih.gov/pubmed/29942085	Meta-analysis of genome-wide association studies for neuroticism in 449,484 individuals identifies novel genetic loci and pathways.	Worry	348,219 European ancestry individuals	NA	10q24.32	10	102876898	NR	AS3MT, C10orf32-ASMT			57412, 100528007			rs3740393-C	rs3740393	0	3740393	intron_variant	0	NR	4E-12	11.397940008672037		0.02409	[0.017-0.031] unit decrease	Affymetrix [10847151] (imputed)	N	anxiety	http://www.ebi.ac.uk/efo/EFO_0005230	GCST006478	Genome-wide genotyping array
2018-10-31	29942085	Nagel M	2018-06-25	Nat Genet	www.ncbi.nlm.nih.gov/pubmed/29942085	Meta-analysis of genome-wide association studies for neuroticism in 449,484 individuals identifies novel genetic loci and pathways.	Worry	348,219 European ancestry individuals	NA	10q24.32	10	102832918	NR	CYP17A1-AS1, CYP17A1			102724307, 1586			rs3740397-C	rs3740397	0	3740397	intron_variant	0	NR	6E-9	8.221848749616356		0.01428	[0.0095-0.0191] unit decrease	Affymetrix [10847151] (imputed)	N	anxiety	http://www.ebi.ac.uk/efo/EFO_0005230	GCST006478	Genome-wide genotyping array
2018-10-31	29942085	Nagel M	2018-06-25	Nat Genet	www.ncbi.nlm.nih.gov/pubmed/29942085	Meta-analysis of genome-wide association studies for neuroticism in 449,484 individuals identifies novel genetic loci and pathways.	Worry	348,219 European ancestry individuals	NA	11p11.2	11	47358789	NR	SPI1			6688			rs3740688-G	rs3740688	0	3740688	missense_variant	0	NR	2E-8	7.698970004336019		0.01346	[0.0088-0.0182] unit decrease	Affymetrix [10847151] (imputed)	N	anxiety	http://www.ebi.ac.uk/efo/EFO_0005230	GCST006478	Genome-wide genotyping array
2018-10-31	29942085	Nagel M	2018-06-25	Nat Genet	www.ncbi.nlm.nih.gov/pubmed/29942085	Meta-analysis of genome-wide association studies for neuroticism in 449,484 individuals identifies novel genetic loci and pathways.	Worry	348,219 European ancestry individuals	NA	17q21.31	17	45908270	NR	MAPT			4137			rs3785879-A	rs3785879	0	3785879	non_coding_transcript_exon_variant	0	NR	1E-10	10.0		0.01549	[0.011-0.02] unit decrease	Affymetrix [10847151] (imputed)	N	anxiety	http://www.ebi.ac.uk/efo/EFO_0005230	GCST006478	Genome-wide genotyping array
2018-10-31	29942085	Nagel M	2018-06-25	Nat Genet	www.ncbi.nlm.nih.gov/pubmed/29942085	Meta-analysis of genome-wide association studies for neuroticism in 449,484 individuals identifies novel genetic loci and pathways.	Worry	348,219 European ancestry individuals	NA	18q21.32	18	60061837	NR	LOC105372152 - RPS3AP49	105372152	400652		17368	87707	rs3897644-C	rs3897644	0	3897644	intergenic_variant	1	NR	3E-9	8.522878745280337		0.0142	[0.0095-0.0189] unit decrease	Affymetrix [10847151] (imputed)	N	anxiety	http://www.ebi.ac.uk/efo/EFO_0005230	GCST006478	Genome-wide genotyping array
2018-10-31	29942085	Nagel M	2018-06-25	Nat Genet	www.ncbi.nlm.nih.gov/pubmed/29942085	Meta-analysis of genome-wide association studies for neuroticism in 449,484 individuals identifies novel genetic loci and pathways.	Worry	348,219 European ancestry individuals	NA	3p21.1	3	52522874	NR	STAB1			23166			rs4434138-G	rs4434138	0	4434138	missense_variant	0	NR	2E-9	8.698970004336019		0.01441	[0.0097-0.0191] unit decrease	Affymetrix [10847151] (imputed)	N	anxiety	http://www.ebi.ac.uk/efo/EFO_0005230	GCST006478	Genome-wide genotyping array
2018-10-31	29942085	Nagel M	2018-06-25	Nat Genet	www.ncbi.nlm.nih.gov/pubmed/29942085	Meta-analysis of genome-wide association studies for neuroticism in 449,484 individuals identifies novel genetic loci and pathways.	Worry	348,219 European ancestry individuals	NA	8p23.1	8	10355952	NR	MSRA			4482			rs4526367-G	rs4526367	0	4526367	intron_variant	0	NR	7E-9	8.154901959985743		0.02028	[0.013-0.027] unit increase	Affymetrix [10847151] (imputed)	N	anxiety	http://www.ebi.ac.uk/efo/EFO_0005230	GCST006478	Genome-wide genotyping array
2018-10-31	29942085	Nagel M	2018-06-25	Nat Genet	www.ncbi.nlm.nih.gov/pubmed/29942085	Meta-analysis of genome-wide association studies for neuroticism in 449,484 individuals identifies novel genetic loci and pathways.	Worry	348,219 European ancestry individuals	NA	3p21.1	3	52804386	NR	ITIH3			3699			rs4687552-C	rs4687552	0	4687552	non_coding_transcript_exon_variant	0	NR	5E-11	10.301029995663981		0.01658	[0.012-0.022] unit decrease	Affymetrix [10847151] (imputed)	N	anxiety	http://www.ebi.ac.uk/efo/EFO_0005230	GCST006478	Genome-wide genotyping array
2018-10-31	29942085	Nagel M	2018-06-25	Nat Genet	www.ncbi.nlm.nih.gov/pubmed/29942085	Meta-analysis of genome-wide association studies for neuroticism in 449,484 individuals identifies novel genetic loci and pathways.	Worry	348,219 European ancestry individuals	NA	11p11.2	11	47626490	NR	MTCH2			23788			rs4752856-A	rs4752856	0	4752856	intron_variant	0	NR	1E-8	8.0		0.01424	[0.0094-0.0191] unit decrease	Affymetrix [10847151] (imputed)	N	anxiety	http://www.ebi.ac.uk/efo/EFO_0005230	GCST006478	Genome-wide genotyping array
2018-10-31	29942085	Nagel M	2018-06-25	Nat Genet	www.ncbi.nlm.nih.gov/pubmed/29942085	Meta-analysis of genome-wide association studies for neuroticism in 449,484 individuals identifies novel genetic loci and pathways.	Worry	348,219 European ancestry individuals	NA	3p12.1	3	85599499	NR	CADM2			253559			rs4856278-A	rs4856278	0	4856278	intron_variant	0	NR	1E-10	10.0		0.01835	[0.013-0.024] unit decrease	Affymetrix [10847151] (imputed)	N	anxiety	http://www.ebi.ac.uk/efo/EFO_0005230	GCST006478	Genome-wide genotyping array
2018-10-31	29942085	Nagel M	2018-06-25	Nat Genet	www.ncbi.nlm.nih.gov/pubmed/29942085	Meta-analysis of genome-wide association studies for neuroticism in 449,484 individuals identifies novel genetic loci and pathways.	Worry	348,219 European ancestry individuals	NA	3q22.3	3	136217611	NR	RPL31P23 - PCCB	391581	5096		11668	32714	rs525773-A	rs525773	0	525773	intergenic_variant	1	NR	1E-10	10.0		0.01542	[0.011-0.02] unit decrease	Affymetrix [10847151] (imputed)	N	anxiety	http://www.ebi.ac.uk/efo/EFO_0005230	GCST006478	Genome-wide genotyping array
2018-10-31	29942085	Nagel M	2018-06-25	Nat Genet	www.ncbi.nlm.nih.gov/pubmed/29942085	Meta-analysis of genome-wide association studies for neuroticism in 449,484 individuals identifies novel genetic loci and pathways.	Worry	348,219 European ancestry individuals	NA	3q22.3	3	136260856	NR	PCCB			5096			rs589092-A	rs589092	0	589092	intron_variant	0	NR	1E-8	8.0		0.01372	[0.009-0.0184] unit increase	Affymetrix [10847151] (imputed)	N	anxiety	http://www.ebi.ac.uk/efo/EFO_0005230	GCST006478	Genome-wide genotyping array
2018-10-31	29942085	Nagel M	2018-06-25	Nat Genet	www.ncbi.nlm.nih.gov/pubmed/29942085	Meta-analysis of genome-wide association studies for neuroticism in 449,484 individuals identifies novel genetic loci and pathways.	Worry	348,219 European ancestry individuals	NA	16p11.2	16	31121779	NR	KAT8			84148			rs59735493-A	rs59735493	0	59735493	intron_variant	0	NR	2E-8	7.698970004336019		0.01492	[0.0097-0.0201] unit decrease	Affymetrix [10847151] (imputed)	N	anxiety	http://www.ebi.ac.uk/efo/EFO_0005230	GCST006478	Genome-wide genotyping array
2018-10-31	29942085	Nagel M	2018-06-25	Nat Genet	www.ncbi.nlm.nih.gov/pubmed/29942085	Meta-analysis of genome-wide association studies for neuroticism in 449,484 individuals identifies novel genetic loci and pathways.	Worry	348,219 European ancestry individuals	NA	3p21.1	3	52349827	NR	DNAH1			25981			rs61734645-G	rs61734645	0	61734645	intron_variant	0	NR	2E-8	7.698970004336019		0.02945	[0.019-0.04] unit decrease	Affymetrix [10847151] (imputed)	N	anxiety	http://www.ebi.ac.uk/efo/EFO_0005230	GCST006478	Genome-wide genotyping array
2018-10-31	29942085	Nagel M	2018-06-25	Nat Genet	www.ncbi.nlm.nih.gov/pubmed/29942085	Meta-analysis of genome-wide association studies for neuroticism in 449,484 individuals identifies novel genetic loci and pathways.	Worry	348,219 European ancestry individuals	NA	17q21.31	17	45411426	NR	ARHGAP27			201176			rs62064641-C	rs62064641	0	62064641	intron_variant	0	NR	2E-11	10.698970004336019		0.02055	[0.015-0.027] unit increase	Affymetrix [10847151] (imputed)	N	anxiety	http://www.ebi.ac.uk/efo/EFO_0005230	GCST006478	Genome-wide genotyping array
2018-10-31	29942085	Nagel M	2018-06-25	Nat Genet	www.ncbi.nlm.nih.gov/pubmed/29942085	Meta-analysis of genome-wide association studies for neuroticism in 449,484 individuals identifies novel genetic loci and pathways.	Worry	348,219 European ancestry individuals	NA	18q12.2	18	37668124	NR	MIR4318 - RPL12P40	100422857	646898		10909	4571	rs62081537-C	rs62081537	0	62081537	intergenic_variant	1	NR	1E-9	9.0		0.02162	[0.015-0.029] unit increase	Affymetrix [10847151] (imputed)	N	anxiety	http://www.ebi.ac.uk/efo/EFO_0005230	GCST006478	Genome-wide genotyping array
2018-10-31	29942085	Nagel M	2018-06-25	Nat Genet	www.ncbi.nlm.nih.gov/pubmed/29942085	Meta-analysis of genome-wide association studies for neuroticism in 449,484 individuals identifies novel genetic loci and pathways.	Worry	348,219 European ancestry individuals	NA	18q21.32	18	60229853	NR	LOC342784 - LOC105372155	342784	105372155		31480	64587	rs62096058-A	rs62096058	0	62096058	intergenic_variant	1	NR	5E-9	8.301029995663981		0.01483	[0.0099-0.0198] unit decrease	Affymetrix [10847151] (imputed)	N	anxiety	http://www.ebi.ac.uk/efo/EFO_0005230	GCST006478	Genome-wide genotyping array
2018-10-31	29942085	Nagel M	2018-06-25	Nat Genet	www.ncbi.nlm.nih.gov/pubmed/29942085	Meta-analysis of genome-wide association studies for neuroticism in 449,484 individuals identifies novel genetic loci and pathways.	Worry	348,219 European ancestry individuals	NA	3p12.1	3	85402044	NR	CADM2			253559			rs62250661-A	rs62250661	0	62250661	intron_variant	0	NR	4E-12	11.397940008672037		0.01667	[0.012-0.021] unit increase	Affymetrix [10847151] (imputed)	N	anxiety	http://www.ebi.ac.uk/efo/EFO_0005230	GCST006478	Genome-wide genotyping array
2018-10-31	29942085	Nagel M	2018-06-25	Nat Genet	www.ncbi.nlm.nih.gov/pubmed/29942085	Meta-analysis of genome-wide association studies for neuroticism in 449,484 individuals identifies novel genetic loci and pathways.	Worry	348,219 European ancestry individuals	NA	3p21.1	3	52846112	NR	TMEM110, TMEM110-MUSTN1			375346, 100526772			rs6445541-T	rs6445541	0	6445541	intron_variant	0	NR	7E-10	9.154901959985743		0.01511	[0.01-0.02] unit decrease	Affymetrix [10847151] (imputed)	N	anxiety	http://www.ebi.ac.uk/efo/EFO_0005230	GCST006478	Genome-wide genotyping array
2018-10-31	29942085	Nagel M	2018-06-25	Nat Genet	www.ncbi.nlm.nih.gov/pubmed/29942085	Meta-analysis of genome-wide association studies for neuroticism in 449,484 individuals identifies novel genetic loci and pathways.	Worry	348,219 European ancestry individuals	NA	3p12.1	3	85545278	NR	CADM2			253559			rs6807666-A	rs6807666	0	6807666	intron_variant	0	NR	1E-19	19.0		0.02257	[0.018-0.027] unit decrease	Affymetrix [10847151] (imputed)	N	anxiety	http://www.ebi.ac.uk/efo/EFO_0005230	GCST006478	Genome-wide genotyping array
2018-10-31	29942085	Nagel M	2018-06-25	Nat Genet	www.ncbi.nlm.nih.gov/pubmed/29942085	Meta-analysis of genome-wide association studies for neuroticism in 449,484 individuals identifies novel genetic loci and pathways.	Worry	348,219 European ancestry individuals	NA	4q26	4	118133633	NR	LOC107986307, NDST3			107986307, 9348			rs6851494-G	rs6851494	0	6851494	intron_variant	0	NR	2E-8	7.698970004336019		0.017	[0.011-0.023] unit increase	Affymetrix [10847151] (imputed)	N	anxiety	http://www.ebi.ac.uk/efo/EFO_0005230	GCST006478	Genome-wide genotyping array
2018-10-31	29942085	Nagel M	2018-06-25	Nat Genet	www.ncbi.nlm.nih.gov/pubmed/29942085	Meta-analysis of genome-wide association studies for neuroticism in 449,484 individuals identifies novel genetic loci and pathways.	Worry	348,219 European ancestry individuals	NA	9q22.31	9	93463196	NR	FAM120A			23196			rs7023933-T	rs7023933	0	7023933	intron_variant	0	NR	1E-8	8.0		0.01848	[0.012-0.025] unit increase	Affymetrix [10847151] (imputed)	N	anxiety	http://www.ebi.ac.uk/efo/EFO_0005230	GCST006478	Genome-wide genotyping array
2018-10-31	29942085	Nagel M	2018-06-25	Nat Genet	www.ncbi.nlm.nih.gov/pubmed/29942085	Meta-analysis of genome-wide association studies for neuroticism in 449,484 individuals identifies novel genetic loci and pathways.	Worry	348,219 European ancestry individuals	NA	17q21.31	17	45737779	NR	MGC57346-CRHR1			104909134			rs7220839-C	rs7220839	0	7220839	intron_variant	0	NR	2E-8	7.698970004336019		0.01334	[0.0087-0.018] unit increase	Affymetrix [10847151] (imputed)	N	anxiety	http://www.ebi.ac.uk/efo/EFO_0005230	GCST006478	Genome-wide genotyping array
2018-10-31	29942085	Nagel M	2018-06-25	Nat Genet	www.ncbi.nlm.nih.gov/pubmed/29942085	Meta-analysis of genome-wide association studies for neuroticism in 449,484 individuals identifies novel genetic loci and pathways.	Worry	348,219 European ancestry individuals	NA	14q24.3	14	74860740	NR	PROX2			283571			rs722599-C	rs722599	0	722599	intron_variant	0	NR	3E-10	9.522878745280337		0.01534	[0.011-0.02] unit decrease	Affymetrix [10847151] (imputed)	N	anxiety	http://www.ebi.ac.uk/efo/EFO_0005230	GCST006478	Genome-wide genotyping array
2018-10-31	29942085	Nagel M	2018-06-25	Nat Genet	www.ncbi.nlm.nih.gov/pubmed/29942085	Meta-analysis of genome-wide association studies for neuroticism in 449,484 individuals identifies novel genetic loci and pathways.	Worry	348,219 European ancestry individuals	NA	18q12.2	18	37602745	NR	CELF4 - LOC107985118	56853	107985118		36693	34459	rs72893199-C	rs72893199	0	72893199	intergenic_variant	1	NR	8E-10	9.096910013008056		0.01762	[0.012-0.023] unit increase	Affymetrix [10847151] (imputed)	N	anxiety	http://www.ebi.ac.uk/efo/EFO_0005230	GCST006478	Genome-wide genotyping array
2018-10-31	29942085	Nagel M	2018-06-25	Nat Genet	www.ncbi.nlm.nih.gov/pubmed/29942085	Meta-analysis of genome-wide association studies for neuroticism in 449,484 individuals identifies novel genetic loci and pathways.	Worry	348,219 European ancestry individuals	NA	2q22.3	2	147779492	NR	RNA5SP106 - RPL26P14	106478994	100133235		65938	22355	rs730356-A	rs730356	0	730356	intergenic_variant	1	NR	3E-8	7.522878745280337		0.01643	[0.011-0.022] unit decrease	Affymetrix [10847151] (imputed)	N	anxiety	http://www.ebi.ac.uk/efo/EFO_0005230	GCST006478	Genome-wide genotyping array
2018-10-31	29942085	Nagel M	2018-06-25	Nat Genet	www.ncbi.nlm.nih.gov/pubmed/29942085	Meta-analysis of genome-wide association studies for neuroticism in 449,484 individuals identifies novel genetic loci and pathways.	Worry	348,219 European ancestry individuals	NA	3p12.1	3	85742987	NR	CADM2			253559			rs7355953-C	rs7355953	0	7355953	intron_variant	0	NR	2E-12	11.698970004336019		0.02062	[0.015-0.026] unit decrease	Affymetrix [10847151] (imputed)	N	anxiety	http://www.ebi.ac.uk/efo/EFO_0005230	GCST006478	Genome-wide genotyping array
2018-10-31	29942085	Nagel M	2018-06-25	Nat Genet	www.ncbi.nlm.nih.gov/pubmed/29942085	Meta-analysis of genome-wide association studies for neuroticism in 449,484 individuals identifies novel genetic loci and pathways.	Worry	348,219 European ancestry individuals	NA	3p12.1	3	85347899	NR	CADM2			253559			rs76508707-T	rs76508707	0	76508707	intron_variant	0	NR	1E-12	12.0		0.01716	[0.012-0.022] unit increase	Affymetrix [10847151] (imputed)	N	anxiety	http://www.ebi.ac.uk/efo/EFO_0005230	GCST006478	Genome-wide genotyping array
2018-10-31	29942085	Nagel M	2018-06-25	Nat Genet	www.ncbi.nlm.nih.gov/pubmed/29942085	Meta-analysis of genome-wide association studies for neuroticism in 449,484 individuals identifies novel genetic loci and pathways.	Worry	348,219 European ancestry individuals	NA	10q24.33	10	103186066	NR	NT5C2			22978			rs77420391-A	rs77420391	0	77420391	intron_variant	0	NR	2E-12	11.698970004336019		0.03131	[0.023-0.04] unit decrease	Affymetrix [10847151] (imputed)	N	anxiety	http://www.ebi.ac.uk/efo/EFO_0005230	GCST006478	Genome-wide genotyping array
2018-10-31	29942085	Nagel M	2018-06-25	Nat Genet	www.ncbi.nlm.nih.gov/pubmed/29942085	Meta-analysis of genome-wide association studies for neuroticism in 449,484 individuals identifies novel genetic loci and pathways.	Worry	348,219 European ancestry individuals	NA	22q13.2	22	40689965	NR	MCHR1 - SLC25A17	2847	10478		7151	79665	rs80533-A	rs80533	0	80533	intergenic_variant	1	NR	3E-8	7.522878745280337		0.01591	[0.01-0.022] unit increase	Affymetrix [10847151] (imputed)	N	anxiety	http://www.ebi.ac.uk/efo/EFO_0005230	GCST006478	Genome-wide genotyping array
2018-10-31	29942085	Nagel M	2018-06-25	Nat Genet	www.ncbi.nlm.nih.gov/pubmed/29942085	Meta-analysis of genome-wide association studies for neuroticism in 449,484 individuals identifies novel genetic loci and pathways.	Worry	348,219 European ancestry individuals	NA	17q21.31	17	46006582	NR	MAPT			4137			rs8067056-C	rs8067056	0	8067056	intron_variant	0	NR	4E-10	9.397940008672037		0.01542	[0.011-0.02] unit increase	Affymetrix [10847151] (imputed)	N	anxiety	http://www.ebi.ac.uk/efo/EFO_0005230	GCST006478	Genome-wide genotyping array
2018-10-31	29942085	Nagel M	2018-06-25	Nat Genet	www.ncbi.nlm.nih.gov/pubmed/29942085	Meta-analysis of genome-wide association studies for neuroticism in 449,484 individuals identifies novel genetic loci and pathways.	Worry	348,219 European ancestry individuals	NA	3p12.1	3	85325439	NR	CADM2			253559			rs818219-C	rs818219	0	818219	intron_variant	0	NR	7E-10	9.154901959985743		0.01482	[0.01-0.02] unit decrease	Affymetrix [10847151] (imputed)	N	anxiety	http://www.ebi.ac.uk/efo/EFO_0005230	GCST006478	Genome-wide genotyping array
2018-10-31	29942085	Nagel M	2018-06-25	Nat Genet	www.ncbi.nlm.nih.gov/pubmed/29942085	Meta-analysis of genome-wide association studies for neuroticism in 449,484 individuals identifies novel genetic loci and pathways.	Worry	348,219 European ancestry individuals	NA	14q24.3	14	74642492	NR	LOC101928352 - LOC105370567	101928352	105370567		25824	8784	rs888415-A	rs888415	0	888415	intergenic_variant	1	NR	1E-8	8.0		0.01375	[0.009-0.0185] unit decrease	Affymetrix [10847151] (imputed)	N	anxiety	http://www.ebi.ac.uk/efo/EFO_0005230	GCST006478	Genome-wide genotyping array
2018-10-31	29942085	Nagel M	2018-06-25	Nat Genet	www.ncbi.nlm.nih.gov/pubmed/29942085	Meta-analysis of genome-wide association studies for neuroticism in 449,484 individuals identifies novel genetic loci and pathways.	Worry	348,219 European ancestry individuals	NA	14q24.3	14	74684344	NR	AREL1			9870			rs9671386-G	rs9671386	0	9671386	intron_variant	0	NR	7E-12	11.154901959985743		0.01875	[0.013-0.024] unit decrease	Affymetrix [10847151] (imputed)	N	anxiety	http://www.ebi.ac.uk/efo/EFO_0005230	GCST006478	Genome-wide genotyping array
2018-10-31	29942085	Nagel M	2018-06-25	Nat Genet	www.ncbi.nlm.nih.gov/pubmed/29942085	Meta-analysis of genome-wide association studies for neuroticism in 449,484 individuals identifies novel genetic loci and pathways.	Worry	348,219 European ancestry individuals	NA	3p12.1	3	85342522	NR	CADM2			253559			rs9811546-A	rs9811546	0	9811546	intron_variant	0	NR	4E-13	12.397940008672037		0.0186	[0.014-0.024] unit decrease	Affymetrix [10847151] (imputed)	N	anxiety	http://www.ebi.ac.uk/efo/EFO_0005230	GCST006478	Genome-wide genotyping array
2018-10-31	29942085	Nagel M	2018-06-25	Nat Genet	www.ncbi.nlm.nih.gov/pubmed/29942085	Meta-analysis of genome-wide association studies for neuroticism in 449,484 individuals identifies novel genetic loci and pathways.	Worry	348,219 European ancestry individuals	NA	3p12.1	3	85843897	NR	CADM2			253559			rs9828595-G	rs9828595	0	9828595	intron_variant	0	NR	3E-11	10.522878745280337		0.01936	[0.014-0.025] unit decrease	Affymetrix [10847151] (imputed)	N	anxiety	http://www.ebi.ac.uk/efo/EFO_0005230	GCST006478	Genome-wide genotyping array
2018-10-31	29942085	Nagel M	2018-06-25	Nat Genet	www.ncbi.nlm.nih.gov/pubmed/29942085	Meta-analysis of genome-wide association studies for neuroticism in 449,484 individuals identifies novel genetic loci and pathways.	Worry	348,219 European ancestry individuals	NA	3p12.1	3	85634450	NR	CADM2			253559			rs9829032-G	rs9829032	0	9829032	intron_variant	0	NR	9E-13	12.045757490560675		0.01751	[0.013-0.022] unit decrease	Affymetrix [10847151] (imputed)	N	anxiety	http://www.ebi.ac.uk/efo/EFO_0005230	GCST006478	Genome-wide genotyping array
2018-10-31	29942085	Nagel M	2018-06-25	Nat Genet	www.ncbi.nlm.nih.gov/pubmed/29942085	Meta-analysis of genome-wide association studies for neuroticism in 449,484 individuals identifies novel genetic loci and pathways.	Worry	348,219 European ancestry individuals	NA	3p21.1	3	52891387	NR	TMEM110-MUSTN1, TMEM110			100526772, 375346			rs9836178-T	rs9836178	0	9836178	intron_variant	0	NR	2E-11	10.698970004336019		0.01928	[0.014-0.025] unit decrease	Affymetrix [10847151] (imputed)	N	anxiety	http://www.ebi.ac.uk/efo/EFO_0005230	GCST006478	Genome-wide genotyping array
2018-10-31	29942085	Nagel M	2018-06-25	Nat Genet	www.ncbi.nlm.nih.gov/pubmed/29942085	Meta-analysis of genome-wide association studies for neuroticism in 449,484 individuals identifies novel genetic loci and pathways.	Worry	348,219 European ancestry individuals	NA	3p12.1	3	85109415	NR	CADM2			253559			rs9837462-A	rs9837462	0	9837462	intron_variant	0	NR	4E-8	7.3979400086720375		0.01387	[0.0089-0.0188] unit decrease	Affymetrix [10847151] (imputed)	N	anxiety	http://www.ebi.ac.uk/efo/EFO_0005230	GCST006478	Genome-wide genotyping array
2018-10-31	29942085	Nagel M	2018-06-25	Nat Genet	www.ncbi.nlm.nih.gov/pubmed/29942085	Meta-analysis of genome-wide association studies for neuroticism in 449,484 individuals identifies novel genetic loci and pathways.	Worry	348,219 European ancestry individuals	NA	3p12.1	3	85371574	NR	CADM2			253559			rs9854869-A	rs9854869	0	9854869	intron_variant	0	NR	1E-16	16.0		0.02362	[0.018-0.029] unit decrease	Affymetrix [10847151] (imputed)	N	anxiety	http://www.ebi.ac.uk/efo/EFO_0005230	GCST006478	Genome-wide genotyping array
2018-10-31	29942085	Nagel M	2018-06-25	Nat Genet	www.ncbi.nlm.nih.gov/pubmed/29942085	Meta-analysis of genome-wide association studies for neuroticism in 449,484 individuals identifies novel genetic loci and pathways.	Worry	348,219 European ancestry individuals	NA	3p12.1	3	85353319	NR	CADM2			253559			rs9861237-C	rs9861237	0	9861237	intron_variant	0	NR	3E-8	7.522878745280337		0.01359	[0.0088-0.0184] unit decrease	Affymetrix [10847151] (imputed)	N	anxiety	http://www.ebi.ac.uk/efo/EFO_0005230	GCST006478	Genome-wide genotyping array
2018-10-31	29942085	Nagel M	2018-06-25	Nat Genet	www.ncbi.nlm.nih.gov/pubmed/29942085	Meta-analysis of genome-wide association studies for neuroticism in 449,484 individuals identifies novel genetic loci and pathways.	Worry	348,219 European ancestry individuals	NA	3p12.1	3	84960666	NR	CADM2			253559			rs9870384-T	rs9870384	0	9870384	intron_variant	0	NR	2E-9	8.698970004336019		0.01485	[0.01-0.0197] unit decrease	Affymetrix [10847151] (imputed)	N	anxiety	http://www.ebi.ac.uk/efo/EFO_0005230	GCST006478	Genome-wide genotyping array
2018-10-31	29942085	Nagel M	2018-06-25	Nat Genet	www.ncbi.nlm.nih.gov/pubmed/29942085	Meta-analysis of genome-wide association studies for neuroticism in 449,484 individuals identifies novel genetic loci and pathways.	Worry	348,219 European ancestry individuals	NA	17q21.31	17	46748690	NR	NSF			4905			rs9896243-G	rs9896243	0	9896243	intron_variant	0	NR	2E-11	10.698970004336019		0.01934	[0.014-0.025] unit increase	Affymetrix [10847151] (imputed)	N	anxiety	http://www.ebi.ac.uk/efo/EFO_0005230	GCST006478	Genome-wide genotyping array
2018-10-31	29942085	Nagel M	2018-06-25	Nat Genet	www.ncbi.nlm.nih.gov/pubmed/29942085	Meta-analysis of genome-wide association studies for neuroticism in 449,484 individuals identifies novel genetic loci and pathways.	Worry	348,219 European ancestry individuals	NA	18q21.32	18	60108063	NR	LOC105372152 - RPS3AP49	105372152	400652		63594	41481	rs9966951-A	rs9966951	0	9966951	intergenic_variant	1	NR	2E-9	8.698970004336019		0.01549	[0.01-0.021] unit decrease	Affymetrix [10847151] (imputed)	N	anxiety	http://www.ebi.ac.uk/efo/EFO_0005230	GCST006478	Genome-wide genotyping array
2014-08-08	24047446	Schosser A	2013-09-19	World J Biol Psychiatry	www.ncbi.nlm.nih.gov/pubmed/24047446	Genome-wide association study of co-occurring anxiety in major depression.	Anxiety and major depressive disorder	1,080 European ancestry cases, 1,588 European ancestry controls	NA	6p24.1	6	11811081	C6orf105	LOC107986568 - AMD1P4	107986568	100129761		18	50345	rs3950186-T	rs3950186	0	3950186	non_coding_transcript_exon_variant	1	0.338	8E-6	5.096910013008056		1.319	[NR]	Illumina [471581]	N	unipolar depression, anxiety	http://www.ebi.ac.uk/efo/EFO_0003761, http://www.ebi.ac.uk/efo/EFO_0005230	GCST002200	Genome-wide genotyping array
2014-08-08	24047446	Schosser A	2013-09-19	World J Biol Psychiatry	www.ncbi.nlm.nih.gov/pubmed/24047446	Genome-wide association study of co-occurring anxiety in major depression.	Anxiety and major depressive disorder	1,080 European ancestry cases, 1,588 European ancestry controls	NA	9p23	9	10192290	PTPRD	PTPRD			5789			rs294856-?	rs294856	0	294856	intron_variant	0	0.58	2E-6	5.698970004336019		1.34	[NR]	Illumina [471581]	N	unipolar depression, anxiety	http://www.ebi.ac.uk/efo/EFO_0003761, http://www.ebi.ac.uk/efo/EFO_0005230	GCST002200	Genome-wide genotyping array
2014-08-08	24047446	Schosser A	2013-09-19	World J Biol Psychiatry	www.ncbi.nlm.nih.gov/pubmed/24047446	Genome-wide association study of co-occurring anxiety in major depression.	Anxiety and major depressive disorder	1,080 European ancestry cases, 1,588 European ancestry controls	NA	17q25.3	17	78637883	CYTH1	LOC101928710 - CYTH1	101928710	9267		5826	36164	rs4796827-A	rs4796827	0	4796827	intergenic_variant	1	0.409	2E-6	5.698970004336019		1.326	[NR]	Illumina [471581]	N	unipolar depression, anxiety	http://www.ebi.ac.uk/efo/EFO_0003761, http://www.ebi.ac.uk/efo/EFO_0005230	GCST002200	Genome-wide genotyping array
2014-08-08	24047446	Schosser A	2013-09-19	World J Biol Psychiatry	www.ncbi.nlm.nih.gov/pubmed/24047446	Genome-wide association study of co-occurring anxiety in major depression.	Anxiety in major depressive disorder	1,080 European ancestry cases, 442 European ancestry controls	NA	1p33	1	47553550	RPL21P24	ATP6V0E1P4 - LOC107984953	100874504	107984953		2800	134948	rs17420782-G	rs17420782	0	17420782	intergenic_variant	1	0.16	9E-6	5.045757490560675	(Quantitative)	0.55	[NR] unit increase	Illumina [471581]	N	unipolar depression, anxiety	http://www.ebi.ac.uk/efo/EFO_0003761, http://www.ebi.ac.uk/efo/EFO_0005230	GCST002202	Genome-wide genotyping array
2014-08-08	24047446	Schosser A	2013-09-19	World J Biol Psychiatry	www.ncbi.nlm.nih.gov/pubmed/24047446	Genome-wide association study of co-occurring anxiety in major depression.	Anxiety in major depressive disorder	1,080 European ancestry cases, 442 European ancestry controls	NA	11q14.3	11	89733564	LOC100130203	LOC100130203			100130203			rs17221829-A	rs17221829	0	17221829	non_coding_transcript_exon_variant	0	0.38	5E-6	5.301029995663981	(Quantitative)	0.4408	[NR] unit decrease	Illumina [471581]	N	unipolar depression, anxiety	http://www.ebi.ac.uk/efo/EFO_0003761, http://www.ebi.ac.uk/efo/EFO_0005230	GCST002202	Genome-wide genotyping array
2014-08-08	24047446	Schosser A	2013-09-19	World J Biol Psychiatry	www.ncbi.nlm.nih.gov/pubmed/24047446	Genome-wide association study of co-occurring anxiety in major depression.	Anxiety in major depressive disorder	1,080 European ancestry cases, 442 European ancestry controls	NA	Xp21.1	X	32195845	DMD	DMD			1756			rs921896-C	rs921896	0	921896	intron_variant	0	0.47	4E-6	5.3979400086720375	(Quantitative)	0.47	[NR] unit increase	Illumina [471581]	N	unipolar depression, anxiety	http://www.ebi.ac.uk/efo/EFO_0003761, http://www.ebi.ac.uk/efo/EFO_0005230	GCST002202	Genome-wide genotyping array
2014-08-08	24047446	Schosser A	2013-09-19	World J Biol Psychiatry	www.ncbi.nlm.nih.gov/pubmed/24047446	Genome-wide association study of co-occurring anxiety in major depression.	Anxiety in major depressive disorder	1,080 European ancestry cases, 442 European ancestry controls	NA	3q22.3	3	137049168	IL20RB	IL20RB - RNA5SP142	53833	100873409		38083	468966	rs17374749-?	rs17374749	0	17374749	intergenic_variant	1	0.78	7E-6	5.154901959985743	(Dichotomous)	1.54	[NR]	Illumina [471581]	N	unipolar depression, anxiety	http://www.ebi.ac.uk/efo/EFO_0003761, http://www.ebi.ac.uk/efo/EFO_0005230	GCST002202	Genome-wide genotyping array
2014-08-08	24047446	Schosser A	2013-09-19	World J Biol Psychiatry	www.ncbi.nlm.nih.gov/pubmed/24047446	Genome-wide association study of co-occurring anxiety in major depression.	Anxiety in major depressive disorder	1,080 European ancestry cases, 442 European ancestry controls	NA	6q26	6	161254459	AGPAT4	AGPAT4			56895			rs3798943-?	rs3798943	0	3798943	intron_variant	0	0.53	8E-6	5.096910013008056	(Dichotomous)	1.45	[NR]	Illumina [471581]	N	unipolar depression, anxiety	http://www.ebi.ac.uk/efo/EFO_0003761, http://www.ebi.ac.uk/efo/EFO_0005230	GCST002202	Genome-wide genotyping array
2014-08-08	24047446	Schosser A	2013-09-19	World J Biol Psychiatry	www.ncbi.nlm.nih.gov/pubmed/24047446	Genome-wide association study of co-occurring anxiety in major depression.	Anxiety in major depressive disorder	1,080 European ancestry cases, 442 European ancestry controls	NA	7p15.1	7	28772876	CREB5	CREB5			9586			rs10238623-A	rs10238623	0	10238623	intron_variant	0	0.28	5E-6	5.301029995663981	(Dichotomous)	1.545	[NR]	Illumina [471581]	N	unipolar depression, anxiety	http://www.ebi.ac.uk/efo/EFO_0003761, http://www.ebi.ac.uk/efo/EFO_0005230	GCST002202	Genome-wide genotyping array
2014-08-08	24047446	Schosser A	2013-09-19	World J Biol Psychiatry	www.ncbi.nlm.nih.gov/pubmed/24047446	Genome-wide association study of co-occurring anxiety in major depression.	Anxiety in major depressive disorder	1,080 European ancestry cases, 442 European ancestry controls	NA	9q22.32	9	96065532	LOC158435	ERCC6L2 - LOC158435	375748	158435		24440	307	rs7867155-?	rs7867155	0	7867155	intergenic_variant	1	0.88	9E-7	6.045757490560675	(Dichotomous)	1.84	[NR]	Illumina [471581]	N	unipolar depression, anxiety	http://www.ebi.ac.uk/efo/EFO_0003761, http://www.ebi.ac.uk/efo/EFO_0005230	GCST002202	Genome-wide genotyping array
2014-08-08	24047446	Schosser A	2013-09-19	World J Biol Psychiatry	www.ncbi.nlm.nih.gov/pubmed/24047446	Genome-wide association study of co-occurring anxiety in major depression.	Anxiety in major depressive disorder	1,080 European ancestry cases, 442 European ancestry controls	NA	21q22.2	21	40514656	DSCAM	DSCAM			1826			rs9980603-?	rs9980603	0	9980603	intron_variant	0	0.58	3E-7	6.522878745280337	(Dichotomous)	1.53	[NR]	Illumina [471581]	N	unipolar depression, anxiety	http://www.ebi.ac.uk/efo/EFO_0003761, http://www.ebi.ac.uk/efo/EFO_0005230	GCST002202	Genome-wide genotyping array
